ID,pit,TPS_order,side,length,length_cm,weight,rearing,rearing_side,K,pec_length_left,pec_length_right,pec_mean,pec_div_adj,pec_diff,pec_diff_direction,mouth_length_left,mouth_length_right,mouth_mean,mouth_diff,mouth_diff_direction,eye_width_left,eye_width_right,eye_width_mean,eye_width_diff,eye_width_diff_direction
DSC_0097.JPG,510895,1,left,87,8.7,7.3,wild reared,wild reared_left,1.437167583,1.960145061,1.422378915,1.691261988,0.19439793,0.537766146,0.537766146,0.384063609,0.210709916,0.297386763,0.173353693,0.173353693,0.520789589,0.56587347,0.54333153,0.04508388,-0.045083881
DSC_0100.JPG,510852,2,left,82,8.2,5.2,wild reared,wild reared_left,1.21400213,1.820892533,1.466361965,1.643627249,0.200442347,0.354530568,0.354530568,0.326368577,0.279196325,0.302782451,0.047172252,0.047172252,0.531384025,0.542398485,0.536891255,0.01101446,-0.01101446
DSC_0106.JPG,510896,3,left,77,7.7,4.7,wild reared,wild reared_left,1.31523867,1.772187268,1.562087974,1.667137621,0.216511379,0.210099294,0.210099294,0.296782037,0.288650219,0.292716128,0.008131818,0.008131818,0.472420457,0.552351248,0.512385852,0.079930791,-0.079930791
DSC_0111.JPG,510305,4,left,75,7.5,4,wild reared,wild reared_left,1.207490028,1.617771615,1.678829647,1.648300631,0.219773417,0.061058032,-0.061058032,0.238688718,0.335731582,0.28721015,0.097042864,-0.097042864,0.474770017,0.482779799,0.478774908,0.008009782,-0.008009782
DSC_0115.JPG,510897,5,left,71,7.1,4,wild reared,wild reared_left,1.413956169,1.66952111,1.784859802,1.727190456,0.243266261,0.115338692,-0.115338692,0.306665723,0.31851543,0.312590576,0.011849706,-0.011849707,0.466319831,0.47614476,0.471232295,0.009824929,-0.009824929
DSC_0119.JPG,510337,6,left,89,8.9,7.5,wild reared,wild reared_left,1.38298683,1.893932474,1.671137592,1.782535033,0.200284835,0.222794882,0.222794882,0.363039816,0.317468116,0.340253966,0.045571701,0.0455717,0.494015335,0.545614784,0.519815059,0.051599449,-0.051599449
DSC_0123.JPG,510875,7,left,83,8.3,6.1,wild reared,wild reared_left,1.375260372,1.809651693,1.653904039,1.731777866,0.208647936,0.155747654,0.155747654,0.289698718,0.261470973,0.275584845,0.028227745,0.028227745,0.529939499,0.542902288,0.536420893,0.012962789,-0.012962789
DSC_0127.JPG,510382,8,left,81,8.1,5.7,wild reared,wild reared_left,1.378599134,1.809121442,1.719411588,1.764266515,0.217810681,0.089709854,0.089709854,0.277081461,0.296449078,0.286765269,0.019367616,-0.019367617,0.494635618,0.538092499,0.516364058,0.043456881,-0.043456881
DSC_0131.JPG,510862,9,left,84,8.4,5.4,wild reared,wild reared_left,1.176168153,1.897668086,1.573460731,1.735564409,0.206614811,0.324207355,0.324207355,0.303553601,0.327912,0.315732801,0.024358399,-0.024358399,0.537942114,0.578934075,0.558438095,0.04099196,-0.040991961
DSC_0135.JPG,510846,10,left,74,7.4,4.9,wild reared,wild reared_left,1.537477352,1.678843891,1.677875993,1.678359942,0.226805398,0.000967898,0.000967898,0.192873391,0.280634713,0.236754052,0.087761322,-0.087761322,0.466139504,0.47689581,0.471517657,0.010756306,-0.010756306
DSC_0139.JPG,510863,11,left,83,8.3,5.7,wild reared,wild reared_left,1.285079364,1.796045591,1.611627197,1.703836394,0.205281493,0.184418394,0.184418394,0.243468505,0.32008774,0.281778122,0.076619235,-0.076619235,0.55773895,0.527908627,0.542823788,0.029830323,0.029830323
DSC_0143.JPG,510855,12,left,77,7.7,4.6,wild reared,wild reared_left,1.287254869,1.701192102,1.603984744,1.652588423,0.214621873,0.097207358,0.097207358,0.264666279,0.277786279,0.271226279,0.01312,-0.01312,0.496999565,0.506142439,0.501571002,0.009142874,-0.009142874
DSC_0148.JPG,510831,13,left,82,8.2,4.7,wild reared,wild reared_left,1.097271156,1.806938669,1.455842909,1.631390789,0.198950096,0.35109576,0.35109576,0.271510238,0.26539571,0.268452974,0.006114528,0.006114528,0.521671987,0.513939,0.517805493,0.007732987,0.007732987
DSC_0150.JPG,510824,14,left,73,7.3,4.1,wild reared,wild reared_left,1.337870321,1.689087537,1.596215398,1.642651467,0.225020749,0.092872139,0.092872139,0.29784661,0.257872226,0.277859418,0.039974385,0.039974384,0.424493455,0.441600135,0.433046795,0.01710668,-0.01710668
DSC_0155.JPG,510394,15,left,72,7.2,4.2,wild reared,wild reared_left,1.426039978,1.726582085,1.693304846,1.709943466,0.237492148,0.033277239,0.033277239,0.238294722,0.232575163,0.235434942,0.005719559,0.005719559,0.398063086,0.457358926,0.427711006,0.059295839,-0.05929584
DSC_0159.JPG,510325,16,left,73,7.3,3.8,wild reared,wild reared_left,1.239977371,1.684830834,1.612487481,1.648659157,0.22584372,0.072343353,0.072343353,0.232176843,0.354400566,0.293288704,0.122223724,-0.122223723,0.453414771,0.454130521,0.453772646,0.000715749,-0.00071575
DSC_0164.JPG,510344,17,left,75,7.5,5,wild reared,wild reared_left,1.509362535,1.739728039,1.530377986,1.635053013,0.218007068,0.209350053,0.209350053,0.296265009,0.210496698,0.253380854,0.085768311,0.085768311,0.516556078,0.489944141,0.50325011,0.026611936,0.026611937
DSC_0171.JPG,510849,18,left,73,7.3,4.7,wild reared,wild reared_left,1.533656222,1.741506656,1.44759446,1.594550558,0.218431583,0.293912196,0.293912196,0.256967864,0.244271031,0.250619448,0.012696832,0.012696833,0.441914469,0.485817858,0.463866163,0.043903389,-0.043903389
DSC_0175.JPG,510331,19,left,82,8.2,4.1,wild reared,wild reared_left,0.957193987,1.775098291,1.483388489,1.62924339,0.198688218,0.291709802,0.291709802,0.261848401,0.314558172,0.288203287,0.052709771,-0.052709771,0.475155276,0.513948672,0.494551974,0.038793395,-0.038793396
DSC_0179.JPG,510375,20,left,99,9.9,9.2,wild reared,wild reared_left,1.24841353,2.136698279,1.464004143,1.800351211,0.181853658,0.672694136,0.672694136,0.315253896,0.301717554,0.308485725,0.013536343,0.013536342,0.606202319,0.687382926,0.646792623,0.081180607,-0.081180607
DSC_0184.JPG,510312,21,left,84,8.4,5.6,wild reared,wild reared_left,1.219729937,1.895602931,1.898954292,1.897278612,0.225866501,0.003351361,-0.003351361,0.213790614,0.440755117,0.327272865,0.226964503,-0.226964503,0.506354767,0.514180738,0.510267752,0.007825971,-0.007825971
DSC_0188.JPG,510379,22,left,83,8.3,5.6,wild reared,wild reared_left,1.262534112,1.946818509,1.586685967,1.766752238,0.212861715,0.360132542,0.360132542,0.284791863,0.318874162,0.301833012,0.0340823,-0.034082299,0.556984739,0.572163087,0.564573913,0.015178349,-0.015178348
DSC_0192.JPG,510384,23,left,86,8.6,5.7,wild reared,wild reared_left,1.160163816,1.858862619,1.633302694,1.746082657,0.203032867,0.225559925,0.225559925,0.241919811,0.256771152,0.249345481,0.014851341,-0.014851341,0.547266148,0.536047093,0.541656621,0.011219055,0.011219055
DSC_0196.JPG,510353,24,left,81,8.1,5.7,wild reared,wild reared_left,1.378599134,1.838682231,1.801069663,1.819875947,0.224676043,0.037612568,0.037612568,0.304545795,0.341049095,0.322797445,0.0365033,-0.0365033,0.566134943,0.565451675,0.565793309,0.000683269,0.000683268
DSC_0200.JPG,510319,25,left,89,8.9,6.2,wild reared,wild reared_left,1.143269112,1.763414148,1.762628525,1.763021337,0.198092285,0.000785623,0.000785623,0.284392179,0.282382793,0.283387486,0.002009386,0.002009386,0.545618979,0.542902288,0.544260633,0.002716691,0.002716691
DSC_0204.JPG,510893,26,left,81,8.1,5.6,wild reared,wild reared_left,1.354413184,1.841372657,1.673589709,1.757481183,0.216972986,0.167782948,0.167782948,0.240031708,0.313656155,0.276843931,0.073624447,-0.073624447,0.493805062,0.482501726,0.488153394,0.011303336,0.011303336
DSC_0208.JPG,510396,27,left,80,8,4.9,wild reared,wild reared_left,1.228278691,1.784481979,1.679472021,1.731977,0.216497125,0.105009958,0.105009958,0.225147736,0.266050431,0.245599084,0.040902695,-0.040902695,0.512644647,0.514180738,0.513412692,0.00153609,-0.001536091
DSC_0212.JPG,510869,28,left,79,7.9,5.1,wild reared,wild reared_left,1.325574537,1.877491246,1.712285123,1.794888185,0.227201036,0.165206123,0.165206123,0.229412607,0.320180901,0.274796754,0.090768295,-0.090768294,0.495205193,0.551811033,0.523508113,0.05660584,-0.05660584
DSC_0220.JPG,510367,29,left,80,8,4.3,wild reared,wild reared_left,1.077877219,1.799437523,1.624263291,1.711850407,0.213981301,0.175174232,0.175174232,0.274355062,0.19853888,0.236446971,0.075816183,0.075816182,0.481842329,0.5550713,0.518456814,0.073228971,-0.073228971
DSC_0224.JPG,510349,30,left,83,8.3,5.2,wild reared,wild reared_left,1.172353104,1.815493303,1.811535015,1.813514159,0.218495682,0.003958288,0.003958288,0.280399283,0.272346934,0.276373108,0.008052349,0.008052349,0.554243235,0.592839466,0.57354135,0.038596231,-0.038596231
DSC_0227.JPG,510840,31,left,82,8.2,5.6,wild reared,wild reared_left,1.307386909,1.923202858,1.709417495,1.816310177,0.221501241,0.213785363,0.213785363,0.265449924,0.28111254,0.273281232,0.015662616,-0.015662616,0.566414413,0.53676063,0.551587521,0.029653782,0.029653783
DSC_0232.JPG,510317,32,left,90,9,7,wild reared,wild reared_left,1.249912504,1.946366282,1.85465024,1.900508261,0.211167585,0.091716042,0.091716042,0.306665723,0.342909588,0.324787656,0.036243865,-0.036243865,0.551272839,0.643219728,0.597246283,0.091946889,-0.091946889
DSC_0236.JPG,510877,33,left,79,7.9,4.4,wild reared,wild reared_left,1.143632934,1.805397105,1.563792644,1.684594874,0.213239857,0.241604461,0.241604461,0.244744862,0.233620066,0.239182464,0.011124795,0.011124796,0.480681125,0.520712962,0.500697044,0.040031837,-0.040031837
DSC_0240.JPG,510397,34,left,73,7.3,4.2,wild reared,wild reared_left,1.370501304,1.676429558,1.628856401,1.652642979,0.226389449,0.047573157,0.047573157,0.211090188,0.248207396,0.229648792,0.037117208,-0.037117208,0.48535003,0.502317531,0.49383378,0.016967501,-0.016967501
DSC_0244.JPG,510882,35,left,81,8.1,5.7,wild reared,wild reared_left,1.378599134,1.848845434,1.740458856,1.794652145,0.221561993,0.108386578,0.108386578,0.245108315,0.269410889,0.257259602,0.024302574,-0.024302574,0.516249619,0.546051902,0.53115076,0.029802284,-0.029802283
DSC_0248.JPG,510345,36,left,84,8.4,5,wild reared,wild reared_left,1.089044586,1.844295146,1.650754347,1.747524747,0.20803866,0.193540799,0.193540799,0.290653134,0.23611739,0.263385262,0.054535745,0.054535744,0.503209828,0.489731041,0.496470434,0.013478787,0.013478787
DSC_0252.JPG,510316,37,left,76,7.6,4.3,wild reared,wild reared_left,1.249468494,1.64250015,1.513912876,1.578206513,0.207658752,0.128587274,0.128587274,0.256042406,0.261299822,0.258671114,0.005257416,-0.005257416,0.519696381,0.526635954,0.523166168,0.006939573,-0.006939573
DSC_0256.JPG,510839,38,left,70,7,3.6,wild reared,wild reared_left,1.325623351,1.619687214,1.695979913,1.657833563,0.236833366,0.076292699,-0.076292699,0.239887439,0.214125613,0.227006526,0.025761826,0.025761826,0.443445,0.489538155,0.466491578,0.046093155,-0.046093155
DSC_0260.JPG,510385,39,left,80,8,4.9,wild reared,wild reared_left,1.228278691,1.813183261,1.532682348,1.672932805,0.209116601,0.280500913,0.280500913,0.277474699,0.214404,0.24593935,0.063070699,0.063070699,0.488242044,0.502525294,0.495383669,0.01428325,-0.01428325
DSC_0264.JPG,510376,40,left,77,7.7,4.8,wild reared,wild reared_left,1.343222472,1.707397535,1.547493556,1.627445545,0.211356564,0.159903979,0.159903979,0.246458318,0.217808181,0.23213325,0.028650137,0.028650137,0.516391831,0.504726268,0.510559049,0.011665563,0.011665563
DSC_0271.JPG,510871,41,left,77,7.7,3.7,wild reared,wild reared_left,1.035400655,1.680256148,1.592714473,1.636485311,0.21253056,0.087541675,0.087541675,0.217071881,0.252594463,0.234833172,0.035522582,-0.035522582,0.438242861,0.454305615,0.446274238,0.016062754,-0.016062754
DSC_0275.JPG,510354,42,left,79,7.9,5.3,wild reared,wild reared_left,1.377557852,1.867104576,1.67216346,1.769634018,0.224004306,0.194941116,0.194941116,0.232422207,0.30822087,0.270321538,0.075798663,-0.075798663,0.526889752,0.495382359,0.511136055,0.031507393,0.031507393
DSC_0279.JPG,510301,43,left,72,7.2,4.2,wild reared,wild reared_left,1.426039978,1.663746458,1.655328003,1.65953723,0.230491282,0.008418455,0.008418455,0.242638595,0.208694305,0.22566645,0.03394429,0.03394429,0.441773955,0.460348798,0.451061377,0.018574843,-0.018574843
DSC_0283.JPG,510381,44,left,73,7.3,3.8,wild reared,wild reared_left,1.239977371,1.737166552,1.617418317,1.677292434,0.229766087,0.119748235,0.119748235,0.29121553,0.27848327,0.2848494,0.01273226,0.01273226,0.459749033,0.483068001,0.471408517,0.023318968,-0.023318968
DSC_0287.JPG,510339,45,left,77,7.7,4.3,wild reared,wild reared_left,1.203303464,1.806522471,1.548383052,1.677452762,0.217851008,0.258139419,0.258139419,0.206028385,0.214334437,0.210181411,0.008306052,-0.008306052,0.485387483,0.484721838,0.485054661,0.000665645,0.000665645
DSC_0291.JPG,510834,46,left,67,6.7,3.8,wild reared,wild reared_left,1.587406539,1.485485936,1.559588033,1.522536984,0.227244326,0.074102097,-0.074102097,0.178572558,0.251015239,0.214793898,0.072442681,-0.072442681,0.428196179,0.419349,0.42377259,0.008847179,0.008847179
DSC_0295.JPG,510850,47,left,86,8.6,5.8,wild reared,wild reared_left,1.180517567,1.854696923,1.68481463,1.769755776,0.205785555,0.169882293,0.169882293,0.243468505,0.208408291,0.225938398,0.035060213,0.035060214,0.523923397,0.530641563,0.52728248,0.006718166,-0.006718166
DSC_0299.JPG,510830,48,left,72,7.2,3.7,wild reared,wild reared_left,1.256273314,1.617290836,1.634972637,1.626131736,0.22585163,0.017681801,-0.017681801,0.230629062,0.263365166,0.246997114,0.032736103,-0.032736104,0.434031449,0.449067346,0.441549398,0.015035897,-0.015035897
DSC_0303.JPG,510843,49,left,77,7.7,5,wild reared,wild reared_left,1.399190075,1.709629156,1.461866952,1.585748054,0.205941306,0.247762204,0.247762204,0.209173208,0.227016,0.218094604,0.017842792,-0.017842792,0.475937814,0.483068001,0.479502908,0.007130187,-0.007130187
DSC_0307.JPG,510313,50,left,74,7.4,4.2,wild reared,wild reared_left,1.317837731,1.67680122,1.425926603,1.551363911,0.209643772,0.250874617,0.250874617,0.187068026,0.221384612,0.204226319,0.034316586,-0.034316586,0.465629969,0.482450214,0.474040091,0.016820245,-0.016820245
DSC_0311.JPG,510355,51,left,86,8.6,6.1,wild reared,wild reared_left,1.24157882,1.832564598,1.532325561,1.68244508,0.195633149,0.300239037,0.300239037,0.222550324,0.229476891,0.226013608,0.006926567,-0.006926567,0.507508383,0.501961165,0.504734774,0.005547218,0.005547218
DSC_0318.JPG,510829,52,left,77,7.7,5.1,wild reared,wild reared_left,1.427173876,1.727020587,1.409394527,1.568207557,0.203663319,0.31762606,0.31762606,0.195397557,0.201644149,0.198520853,0.006246592,-0.006246592,0.459749033,0.488175641,0.473962337,0.028426608,-0.028426608
DSC_0322.JPG,510888,53,left,84,8.4,4.5,wild reared,wild reared_left,0.980140128,1.879293241,1.843912033,1.861602637,0.221619362,0.035381208,0.035381208,0.236143695,0.290504081,0.263323888,0.054360386,-0.054360386,0.553605347,0.517562813,0.53558408,0.036042534,0.036042534
DSC_0326.JPG,510362,54,left,83,8.3,5.2,wild reared,wild reared_left,1.172353104,1.819416978,1.723976095,1.771696536,0.213457414,0.095440883,0.095440883,0.239054026,0.369963943,0.304508985,0.130909917,-0.130909917,0.489440894,0.498981551,0.494211222,0.009540658,-0.009540657
DSC_0330.JPG,510308,55,left,67,6.7,3.6,wild reared,wild reared_left,1.503858826,1.528589927,1.653834912,1.59121242,0.237494391,0.125244985,-0.125244985,0.202450876,0.272200884,0.23732588,0.069750008,-0.069750008,0.428998011,0.482450214,0.455724113,0.053452203,-0.053452203
DSC_0334.JPG,510363,56,left,80,8,5.2,wild reared,wild reared_left,1.303479427,1.832380274,1.501900696,1.667140485,0.208392561,0.330479578,0.330479578,0.203220144,0.217191127,0.210205636,0.013970983,-0.013970983,0.525198589,0.507633,0.516415795,0.017565589,0.017565589
DSC_0338.JPG,510320,57,left,73,7.3,4.2,wild reared,wild reared_left,1.370501304,1.69033237,1.720882444,1.705607407,0.23364485,0.030550074,-0.030550074,0.248213362,0.278358297,0.26328583,0.030144935,-0.030144935,0.473091093,0.481284562,0.477187827,0.00819347,-0.008193469
DSC_0345.JPG,510311,58,left,76,7.6,4.2,wild reared,wild reared_left,1.220411088,1.764817686,1.677473045,1.721145366,0.226466496,0.087344641,0.087344641,0.241617985,0.272054756,0.25683637,0.03043677,-0.030436771,0.491279553,0.491878106,0.491578829,0.000598553,-0.000598553
DSC_0349.JPG,510361,59,left,80,8,5.8,wild reared,wild reared_left,1.4538809,1.871285571,1.804775107,1.838030339,0.229753792,0.066510464,0.066510464,0.223914282,0.266367858,0.24514107,0.042453576,-0.042453576,0.51647948,0.501416228,0.508947854,0.015063252,0.015063252
DSC_0353.JPG,510387,60,left,69,6.9,3.5,wild reared,wild reared_left,1.343329843,1.582277009,1.447378116,1.514827563,0.219540227,0.134898893,0.134898893,0.169929632,0.189206273,0.179567952,0.019276642,-0.019276641,0.473369178,0.463533896,0.468451537,0.009835282,0.009835282
DSC_0362.JPG,510807,61,left,78,7.8,4.4,wild reared,wild reared_left,1.186370177,1.686294921,1.55243231,1.619363615,0.20761072,0.133862611,0.133862611,0.208852628,0.261242747,0.235047687,0.052390119,-0.052390119,0.549538693,0.498533073,0.524035883,0.05100562,0.05100562
DSC_0373.JPG,510883,62,left,86,8.6,5.7,wild reared,wild reared_left,1.160163816,1.901712401,1.608079458,1.75489593,0.204057666,0.293632943,0.293632943,0.247958599,0.199737013,0.223847806,0.048221586,0.048221586,0.590892359,0.570065539,0.580478949,0.02082682,0.02082682
DSC_0381.JPG,510369,63,left,86,8.6,5.3,wild reared,wild reared_left,1.078748811,1.843616597,1.498285562,1.67095108,0.194296637,0.345331035,0.345331035,0.272891054,0.221519288,0.247205171,0.051371766,0.051371766,0.542911176,0.556520131,0.549715653,0.013608955,-0.013608955
DSC_0385.JPG,624750,64,left,86,8.6,6.5,semi-natural,semi-natural_left,1.322993825,1.634290394,1.612256267,1.62327333,0.188752713,0.022034127,0.022034127,0.258955689,0.21183843,0.235397059,0.04711726,0.047117259,0.506808509,0.479266372,0.49303744,0.027542138,0.027542137
DSC_0390.JPG,624759,65,left,97,9.7,7.9,semi-natural,semi-natural_left,1.136905838,1.62927392,1.570510534,1.599892227,0.164937343,0.058763386,0.058763386,0.299370302,0.192436349,0.245903325,0.106933952,0.106933953,0.557233297,0.499608744,0.528421021,0.057624553,0.057624553
DSC_0394.JPG,624755,66,left,100,10,9.5,semi-natural,semi-natural_left,1.252343902,1.895270698,1.542139359,1.718705028,0.171870503,0.353131339,0.353131339,0.330613125,0.208765747,0.269689436,0.121847378,0.121847378,0.575718333,0.57415775,0.574938042,0.001560583,0.001560583
DSC_0398.JPG,624754,67,left,83,8.3,5.2,semi-natural,semi-natural_left,1.172353104,1.551951775,1.597961428,1.574956602,0.189753807,0.046009653,-0.046009653,0.247478937,0.195002281,0.221240609,0.052476656,0.052476656,0.5230486,0.535536841,0.529292721,0.012488241,-0.012488241
DSC_0402.JPG,624758,68,left,81,8.1,5.1,semi-natural,semi-natural_left,1.233483436,1.534801875,1.494535304,1.51466859,0.186996122,0.040266571,0.040266571,0.289626963,0.21407918,0.251853072,0.075547782,0.075547783,0.547610129,0.582921401,0.565265765,0.035311272,-0.035311272
DSC_0405.JPG,624762,69,left,88,8.8,5.9,semi-natural,semi-natural_left,1.123936864,1.707759331,1.539006398,1.623382865,0.184475326,0.168752933,0.168752933,0.242169649,0.15452917,0.198349409,0.087640478,0.087640479,0.558226032,0.514557622,0.536391827,0.04366841,0.04366841
DSC_0408.JPG,624756,70,left,102,10.2,9.7,semi-natural,semi-natural_left,1.207822845,1.820742492,1.515809464,1.668275978,0.163556468,0.304933028,0.304933028,0.311319509,0.207260291,0.2592899,0.104059218,0.104059218,0.572423893,0.494448309,0.533436101,0.077975584,0.077975584
DSC_0411.JPG,624764,71,left,84,8.4,5.4,semi-natural,semi-natural_left,1.176168153,1.641154702,1.512142115,1.576648409,0.187696239,0.129012587,0.129012587,0.241827248,0.251944233,0.246885741,0.010116984,-0.010116985,0.50720269,0.527682598,0.517442644,0.020479908,-0.020479908
DSC_0415.JPG,624767,72,left,86,8.6,5.7,semi-natural,semi-natural_left,1.160163816,1.62983274,1.504651772,1.567242256,0.182237472,0.125180968,0.125180968,0.250298735,0.295374009,0.272836372,0.045075274,-0.045075274,0.531791592,0.549970334,0.540880963,0.018178743,-0.018178742
DSC_0418.JPG,624751,73,left,85,8.5,5.7,semi-natural,semi-natural_left,1.199909107,1.707828787,1.452876262,1.580352524,0.185923826,0.254952525,0.254952525,0.254042204,0.214334437,0.234188321,0.039707767,0.039707767,0.522140693,0.582622871,0.552381782,0.060482178,-0.060482178
DSC_0421.JPG,624766,74,left,81,8.1,5.8,semi-natural,semi-natural_left,1.402785084,1.537160683,1.504539447,1.520850065,0.187759267,0.032621236,0.032621236,0.190214303,0.187411307,0.188812805,0.002802996,0.002802996,0.539930554,0.500125835,0.520028194,0.039804719,0.039804719
DSC_0424.JPG,624752,75,left,82,8.2,4.7,semi-natural,semi-natural_left,1.097271156,1.654398628,1.300565682,1.477482155,0.180180751,0.353832946,0.353832946,0.233629505,0.20377749,0.218703497,0.029852015,0.029852015,0.502439248,0.568633738,0.535536493,0.066194489,-0.06619449
DSC_0428.JPG,624768,76,left,84,8.4,5.4,semi-natural,semi-natural_left,1.176168153,1.626402929,1.412375079,1.519389004,0.180879643,0.21402785,0.21402785,0.247737381,0.213381473,0.230559427,0.034355908,0.034355908,0.512789333,0.43609535,0.474442341,0.076693983,0.076693983
DSC_0431.JPG,624760,77,left,80,8,4.8,semi-natural,semi-natural_left,1.203211779,1.559328916,1.428990943,1.49415993,0.186769991,0.130337973,0.130337973,0.255613194,0.227037895,0.241325544,0.028575299,0.028575299,0.537853775,0.510455022,0.524154399,0.027398753,0.027398753
DSC_0434.JPG,624761,78,left,89,8.9,7,semi-natural,semi-natural_left,1.290787708,1.638024,1.457252338,1.547638169,0.173891929,0.180771662,0.180771662,0.332268892,0.213381473,0.272825183,0.118887418,0.118887419,0.509677214,0.518186701,0.513931957,0.008509487,-0.008509487
DSC_0437.JPG,624786,79,left,79,7.9,5,semi-natural,semi-natural_left,1.29958288,1.578738868,1.378189248,1.478464058,0.187147349,0.20054962,0.20054962,0.230800438,0.202406884,0.216603661,0.028393555,0.028393554,0.515625585,0.483109159,0.499367372,0.032516427,0.032516426
DSC_0440.JPG,624967,80,left,78,7.8,3.9,semi-natural,semi-natural_left,1.051555384,1.430331442,1.601953631,1.516142537,0.194377248,0.171622189,-0.171622189,0.20423,0.221788394,0.213009197,0.017558394,-0.017558394,0.50039741,0.536343743,0.518370576,0.035946333,-0.035946333
DSC_0443.JPG,624892,81,left,72,7.2,3.4,semi-natural,semi-natural_left,1.154413315,1.39412066,1.463022578,1.428571619,0.198412725,0.068901918,-0.068901918,0.207133833,0.171541746,0.189337789,0.035592087,0.035592087,0.503348008,0.552603167,0.527975587,0.049255159,-0.049255159
DSC_0446.JPG,624803,82,left,81,8.1,4.8,semi-natural,semi-natural_left,1.160925586,1.436863036,1.658840615,1.547851826,0.191092818,0.221977579,-0.221977579,0.228129645,0.218673678,0.223401661,0.009455968,0.009455967,0.487816702,0.512786767,0.500301734,0.024970065,-0.024970065
DSC_0449.JPG,624840,83,left,74,7.4,3.6,semi-natural,semi-natural_left,1.129575198,1.374848589,1.722934917,1.548891753,0.209309696,0.348086328,-0.348086328,0.235149342,0.314494957,0.27482215,0.079345615,-0.079345615,0.437016,0.501396401,0.4692062,0.064380401,-0.064380401
DSC_0452.JPG,624980,84,left,77,7.7,3.8,semi-natural,semi-natural_left,1.063384457,1.555085457,1.830370136,1.692727796,0.219834779,0.275284679,-0.275284679,0.237886766,0.249326353,0.24360656,0.011439587,-0.011439587,0.512626284,0.504834588,0.508730436,0.007791696,0.007791696
DSC_0455.JPG,624908,85,left,77,7.7,4.8,semi-natural,semi-natural_left,1.343222472,1.529151233,1.737829374,1.633490304,0.212141598,0.208678141,-0.208678141,0.276099772,0.27764309,0.276871431,0.001543318,-0.001543318,0.528229427,0.540718817,0.534474122,0.012489389,-0.01248939
DSC_0458.JPG,624988,86,left,77,7.7,3.7,semi-natural,semi-natural_left,1.035400655,1.298597602,1.715582619,1.507090111,0.195725988,0.416985017,-0.416985017,0.193630586,0.267540922,0.230585754,0.073910336,-0.073910336,0.446625092,0.495271971,0.470948532,0.04864688,-0.048646879
DSC_0461.JPG,624781,87,left,77,7.7,4.7,semi-natural,semi-natural_left,1.31523867,1.440295191,1.8130737,1.626684445,0.21125772,0.372778509,-0.372778509,0.175895491,0.28111254,0.228504015,0.105217049,-0.105217049,0.482836928,0.476614305,0.479725616,0.006222623,0.006222623
DSC_0464.JPG,624831,88,left,78,7.8,4.3,semi-natural,semi-natural_left,1.159407218,1.455222577,1.58688645,1.521054514,0.195006989,0.131663873,-0.131663873,0.273296456,0.266050431,0.269673444,0.007246025,0.007246025,0.506032761,0.558401552,0.532217156,0.052368791,-0.052368791
DSC_0467.JPG,624984,89,left,81,8.1,4.7,semi-natural,semi-natural_left,1.136739637,1.51962891,1.643484426,1.581556668,0.19525391,0.123855516,-0.123855516,0.220640714,0.20282394,0.211732327,0.017816775,0.017816774,0.529126887,0.522685241,0.525906064,0.006441646,0.006441646
DSC_0470.JPG,624948,90,left,69,6.9,3.5,semi-natural,semi-natural_left,1.343329843,1.32212957,1.785224591,1.55367708,0.225170591,0.463095021,-0.463095021,0.214092318,0.256635607,0.235363963,0.042543288,-0.042543289,0.465694221,0.485735998,0.47571511,0.020041777,-0.020041777
DSC_0473.JPG,624926,91,left,72,7.2,3.8,semi-natural,semi-natural_left,1.290226646,1.421091478,1.799587007,1.610339242,0.223658228,0.378495529,-0.378495529,0.207074829,0.262817255,0.234946042,0.055742426,-0.055742426,0.460571856,0.477604051,0.469087953,0.017032195,-0.017032195
DSC_0476.JPG,624870,92,left,74,7.4,3.5,semi-natural,semi-natural_left,1.098198109,1.376802029,1.621123466,1.498962748,0.202562534,0.244321437,-0.244321437,0.245176684,0.243945228,0.244560956,0.001231456,0.001231456,0.463421035,0.578023247,0.520722141,0.114602212,-0.114602212
DSC_0480.JPG,624880,93,left,74,7.4,3.6,semi-natural,semi-natural_left,1.129575198,1.427143516,1.614708528,1.520926022,0.205530544,0.187565012,-0.187565012,0.17851576,0.242124945,0.210320352,0.063609185,-0.063609185,0.489148151,0.506996125,0.498072138,0.017847975,-0.017847974
DSC_0483.JPG,624912,94,left,80,8,5.1,standard,standard_left,1.278412515,1.55168743,1.601168405,1.576427917,0.19705349,0.049480975,-0.049480975,0.200058232,0.238171534,0.219114883,0.038113303,-0.038113302,0.518798108,0.495542878,0.507170493,0.02325523,0.02325523
DSC_0486.JPG,624865,95,left,87,8.7,6.6,standard,standard_left,1.299356993,1.649114166,1.696809148,1.672961657,0.192294443,0.047694982,-0.047694982,0.203875734,0.26904163,0.236458682,0.065165897,-0.065165896,0.52377568,0.561313705,0.542544692,0.037538025,-0.037538025
DSC_0489.JPG,624889,96,left,96,9.6,9,standard,standard_left,1.334447088,1.809374627,1.871259679,1.840317153,0.191699703,0.061885052,-0.061885052,0.279938807,0.273730524,0.276834666,0.006208284,0.006208283,0.5450455,0.508112578,0.526579039,0.036932922,0.036932922
DSC_0492.JPG,624832,97,left,94,9.4,9.1,standard,standard_left,1.433617105,1.601064488,1.548752188,1.574908338,0.16754344,0.0523123,0.0523123,0.304432101,0.201792,0.253112051,0.102640101,0.102640101,0.576942514,0.457608828,0.517275671,0.119333686,0.119333686
DSC_0495.JPG,624855,98,left,87,8.7,6.2,standard,standard_left,1.220608084,1.717470486,1.567459652,1.642465069,0.188789088,0.150010834,0.150010834,0.245154,0.216709982,0.230931991,0.028444018,0.028444018,0.554755081,0.590924692,0.572839886,0.03616961,-0.036169611
DSC_0498.JPG,624835,99,left,89,8.9,7.6,standard,standard_left,1.401426654,1.76914051,1.813043542,1.791092026,0.201246295,0.043903032,-0.043903032,0.226339649,0.262306103,0.244322876,0.035966454,-0.035966454,0.59421821,0.561632412,0.577925311,0.032585798,0.032585798
DSC_0501.JPG,624828,100,left,81,8.1,6.1,standard,standard_left,1.475342933,1.538186255,1.470799306,1.504492781,0.18573985,0.067386949,0.067386949,0.248932743,0.16588496,0.207408852,0.083047783,0.083047783,0.53431,0.491918526,0.513114263,0.042391474,0.042391474
DSC_0504.JPG,624891,101,left,84,8.4,6.1,standard,standard_left,1.328634395,1.74832465,1.503240491,1.62578257,0.193545544,0.245084159,0.245084159,0.14731922,0.243190136,0.195254678,0.095870916,-0.095870916,0.531390125,0.529347291,0.530368708,0.002042834,0.002042834
DSC_0510.JPG,624933,102,left,81,8.1,5.6,standard,standard_left,1.354413184,1.587915019,1.613473621,1.60069432,0.197616583,0.025558602,-0.025558602,0.213654658,0.201446845,0.207550752,0.012207812,0.012207813,0.538563849,0.552216244,0.545390046,0.013652394,-0.013652395
DSC_0513.JPG,624932,103,left,80,8,5.6,standard,standard_left,1.403747075,1.565469585,1.362679764,1.464074674,0.183009334,0.202789821,0.202789821,0.206698553,0.204459348,0.20557895,0.002239206,0.002239205,0.478335275,0.556439739,0.517387507,0.078104464,-0.078104464
DSC_0516.JPG,624968,104,left,75,7.5,4.2,standard,standard_left,1.267864529,1.493136724,1.592792494,1.542964609,0.205728615,0.09965577,-0.09965577,0.192750737,0.225654375,0.209202556,0.032903638,-0.032903638,0.450546611,0.495131443,0.472839027,0.044584832,-0.044584832
DSC_0520.JPG,624853,105,left,87,8.7,5.6,standard,standard_left,1.102484721,1.60308098,1.456853195,1.529967088,0.175858286,0.146227785,0.146227785,0.201078322,0.267243489,0.234160906,0.066165166,-0.066165167,0.503233463,0.536241788,0.519737626,0.033008325,-0.033008325
DSC_0523.JPG,624919,106,left,83,8.3,6.4,standard,standard_left,1.442896128,1.686300783,1.516199643,1.601250213,0.192921712,0.17010114,0.17010114,0.246379928,0.218900871,0.2326404,0.027479057,0.027479057,0.498717945,0.46366256,0.481190253,0.035055385,0.035055385
DSC_0526.JPG,624913,107,left,82,8.2,5.3,standard,standard_left,1.237348325,1.623845482,1.410533235,1.517189358,0.185023092,0.213312247,0.213312247,0.212542107,0.178472055,0.195507081,0.034070052,0.034070052,0.526018399,0.482244109,0.504131254,0.04377429,0.04377429
DSC_0529.JPG,624810,108,left,73,7.3,4,enriched,enriched_left,1.305239338,1.568407388,1.420828005,1.494617696,0.20474215,0.147579383,0.147579383,0.194586986,0.220123664,0.207355325,0.025536678,-0.025536678,0.450711022,0.606762062,0.528736542,0.15605104,-0.15605104
DSC_0532.JPG,624979,109,left,70,7,4.5,standard,standard_left,1.657029188,1.389561498,1.652514943,1.52103822,0.217291174,0.262953445,-0.262953445,0.180113371,0.201224648,0.19066901,0.021111276,-0.021111277,0.475435243,0.549111041,0.512273142,0.073675798,-0.073675798
DSC_0535.JPG,624963,110,left,76,7.6,4.5,standard,standard_left,1.307583308,1.539097929,1.565673257,1.552385593,0.204261262,0.026575328,-0.026575328,0.217117384,0.211462663,0.214290024,0.005654722,0.005654721,0.501670455,0.498533073,0.500101764,0.003137382,0.003137382
DSC_0538.JPG,624778,111,left,76,7.6,4.5,standard,standard_left,1.307583308,1.564914187,1.583120013,1.5740171,0.207107513,0.018205826,-0.018205826,0.188684738,0.2066839,0.197684319,0.017999162,-0.017999162,0.48185378,0.544657364,0.513255572,0.062803584,-0.062803584
DSC_0541.JPG,624977,112,left,94,9.4,8.7,enriched,enriched_left,1.370600968,1.979833056,1.462699775,1.721266415,0.183113448,0.517133281,0.517133281,0.244104085,0.186454035,0.21527906,0.05765005,0.05765005,0.586740102,0.547515522,0.567127812,0.03922458,0.03922458
DSC_0544.JPG,624809,113,left,87,8.7,6.2,enriched,enriched_left,1.220608084,1.666634838,1.453861258,1.560248048,0.179338856,0.21277358,0.21277358,0.223771888,0.191944945,0.207858416,0.031826944,0.031826943,0.497071188,0.575688068,0.536379628,0.07861688,-0.07861688
DSC_0547.JPG,624897,114,left,84,8.4,6.3,enriched,enriched_left,1.372196179,1.650697496,1.381697701,1.516197598,0.180499714,0.268999795,0.268999795,0.286220156,0.155555101,0.220887628,0.130665055,0.130665055,0.485214463,0.498263793,0.491739128,0.01304933,-0.01304933
DSC_0550.JPG,624817,115,left,94,9.4,8.4,enriched,enriched_left,1.323338866,1.886643183,1.690010941,1.788327062,0.19024756,0.196632242,0.196632242,0.215610716,0.247344761,0.231477739,0.031734045,-0.031734045,0.528267152,0.54550545,0.536886301,0.017238297,-0.017238298
DSC_0553.JPG,624910,116,left,92,9.2,8.8,enriched,enriched_left,1.47493788,1.842133187,1.708786378,1.775459783,0.192984759,0.133346809,0.133346809,0.267155,0.308816995,0.287985998,0.041661995,-0.041661995,0.533542187,0.522114332,0.52782826,0.011427854,0.011427855
DSC_0556.JPG,624952,117,left,88,8.8,7.9,enriched,enriched_left,1.504932411,1.805931808,1.723976095,1.764953951,0.200562949,0.081955713,0.081955713,0.277600037,0.268671864,0.273135951,0.008928173,0.008928173,0.489753632,0.495663233,0.492708433,0.005909601,-0.005909601
DSC_0559.JPG,624927,118,left,84,8.4,6,enriched,enriched_left,1.306853504,1.583335968,1.73987614,1.661606054,0.197810245,0.156540172,-0.156540172,0.198208455,0.224837863,0.211523159,0.026629408,-0.026629408,0.520733545,0.578453061,0.549593303,0.057719516,-0.057719516
DSC_0562.JPG,624777,119,left,87,8.7,7,enriched,enriched_left,1.378105901,1.86380165,1.609392631,1.736597141,0.199608867,0.254409019,0.254409019,0.260129536,0.2356327,0.247881118,0.024496836,0.024496836,0.527097124,0.484711583,0.505904354,0.042385541,0.042385541
DSC_0565.JPG,624962,120,left,84,8.4,6.1,enriched,enriched_left,1.328634395,1.716219026,1.666255347,1.691237187,0.20133776,0.049963679,0.049963679,0.235557314,0.194670622,0.215113968,0.040886692,0.040886692,0.516064904,0.543231797,0.52964835,0.027166893,-0.027166893
DSC_0568.JPG,624799,121,left,94,9.4,8.8,enriched,enriched_left,1.386355002,1.712937883,1.90645722,1.809697552,0.192521016,0.193519337,-0.193519337,0.250672723,0.294514505,0.272593614,0.043841782,-0.043841782,0.522683829,0.519480074,0.521081952,0.003203755,0.003203755
DSC_0571.JPG,624955,122,left,92,9.2,7.6,enriched,enriched_left,1.273809987,1.780048254,1.841700201,1.810874228,0.196834155,0.061651947,-0.061651947,0.219920182,0.293567836,0.256744009,0.073647655,-0.073647654,0.556728135,0.591319911,0.574024023,0.034591777,-0.034591776
DSC_0574.JPG,624875,123,left,102,10.2,10.4,enriched,enriched_left,1.294985318,1.887185031,1.822532188,1.854858609,0.181848883,0.064652843,0.064652843,0.234569736,0.248507611,0.241538673,0.013937875,-0.013937875,0.535639499,0.485735998,0.510687748,0.049903501,0.049903501
DSC_0577.JPG,624804,124,left,88,8.8,7.1,enriched,enriched_left,1.352534192,1.640453314,1.51792965,1.579191482,0.179453578,0.122523664,0.122523664,0.222088036,0.235548304,0.22881817,0.013460268,-0.013460268,0.498717945,0.536019273,0.517368609,0.037301328,-0.037301328
DSC_0581.JPG,624801,125,left,87,8.7,6.9,enriched,enriched_left,1.358418674,1.533738915,1.709757678,1.621748297,0.18640785,0.176018763,-0.176018763,0.244104085,0.241302367,0.242703226,0.002801718,0.002801718,0.522778318,0.585219224,0.553998771,0.062440906,-0.062440906
DSC_0584.JPG,624991,126,left,92,9.2,8.4,enriched,enriched_left,1.407895249,1.834052939,1.626547715,1.730300327,0.188076123,0.207505224,0.207505224,0.224234934,0.260957184,0.242596059,0.03672225,-0.03672225,0.520733545,0.550151067,0.535442306,0.029417522,-0.029417522
DSC_0587.JPG,624931,127,left,87,8.7,6.1,enriched,enriched_left,1.200920857,1.7463912,1.854060518,1.800225859,0.206922513,0.107669318,-0.107669318,0.248793813,0.222794648,0.235794231,0.025999165,0.025999165,0.534541053,0.548096248,0.541318651,0.013555195,-0.013555195
DSC_0591.JPG,624950,128,left,85,8.5,6.8,enriched,enriched_left,1.431470514,1.596647094,1.800387848,1.698517471,0.199825585,0.203740754,-0.203740754,0.209475704,0.206900235,0.208187969,0.002575469,0.002575469,0.498024194,0.525000538,0.511512366,0.026976344,-0.026976344
DSC_0594.JPG,624895,129,left,87,8.7,6.5,enriched,enriched_left,1.279669766,1.752275352,1.773601036,1.762938194,0.202636574,0.021325684,-0.021325684,0.196908386,0.261604013,0.229256199,0.064695627,-0.064695627,0.550814673,0.488877708,0.519846191,0.061936965,0.061936965
DSC_0597.JPG,624829,130,left,81,8.1,5.3,enriched,enriched_left,1.281855335,1.609418563,1.732937104,1.671177834,0.206318251,0.123518541,-0.123518541,0.229460526,0.196854292,0.213157409,0.032606234,0.032606234,0.46542938,0.529854122,0.497641751,0.064424741,-0.064424742
DSC_0601.JPG,624775,131,left,77,7.7,3.7,enriched,enriched_left,1.035400655,1.562605282,1.301696489,1.432150886,0.185993622,0.260908793,0.260908793,0.24094739,0.123893242,0.182420316,0.117054148,0.117054148,0.517899264,0.567548758,0.542724011,0.049649495,-0.049649494
DSC_0604.JPG,624939,132,left,80,8,5.3,enriched,enriched_left,1.328546339,1.646464082,1.741883404,1.694173743,0.211771718,0.095419322,-0.095419322,0.198507262,0.211415645,0.204961453,0.012908383,-0.012908383,0.478572711,0.511534775,0.495053743,0.032962064,-0.032962064
DSC_0607.JPG,624930,133,left,84,8.4,6.5,enriched,enriched_left,1.415757962,1.643801019,1.579703347,1.611752183,0.19187526,0.064097672,0.064097672,0.267062543,0.200432617,0.23374758,0.066629926,0.066629926,0.497845644,0.511962155,0.5049039,0.014116511,-0.014116511
DSC_0610.JPG,624822,134,left,81,8.1,5.4,enriched,enriched_left,1.306041285,1.659605192,1.707313836,1.683459514,0.207834508,0.047708644,-0.047708644,0.241541135,0.189704772,0.215622953,0.051836363,0.051836363,0.493611127,0.552351248,0.522981187,0.058740121,-0.058740121
DSC_0613.JPG,624847,135,left,82,8.2,6.2,enriched,enriched_left,1.447464078,1.653331527,1.570728906,1.612030216,0.196589051,0.082602621,0.082602621,0.233937187,0.205912868,0.219925028,0.028024319,0.028024319,0.494660673,0.496715098,0.495687886,0.002054425,-0.002054425
DSC_0617.JPG,624878,136,left,77,7.7,5.5,enriched,enriched_left,1.539109082,1.562150047,1.794126265,1.678138156,0.21794002,0.231976218,-0.231976218,0.239363749,0.21197917,0.22567146,0.027384578,0.027384579,0.479026609,0.566637174,0.522831891,0.087610565,-0.087610565
DSC_0620.JPG,624868,137,left,77,7.7,5,enriched,enriched_left,1.399190075,1.619331432,1.688836984,1.654084208,0.214816131,0.069505552,-0.069505552,0.247958599,0.262836168,0.255397383,0.014877569,-0.014877569,0.474853111,0.569018233,0.521935672,0.094165122,-0.094165122
DSC_0623.JPG,624869,138,left,84,8.4,6.6,enriched,enriched_left,1.437538854,1.664217758,1.638155707,1.651186733,0.196569849,0.026062051,0.026062051,0.24055759,0.22834774,0.234452665,0.012209851,0.01220985,0.525511104,0.509597376,0.51755424,0.015913728,0.015913728
DSC_0627.JPG,624966,139,left,84,8.4,6.1,enriched,enriched_left,1.328634395,1.644017347,1.557907478,1.600962413,0.190590763,0.086109869,0.086109869,0.238246863,0.258103432,0.248175148,0.019856569,-0.019856569,0.457379399,0.498812174,0.478095786,0.041432775,-0.041432775
DSC_0633.JPG,624916,140,left,69,6.9,4.5,enriched,enriched_left,1.72713837,1.443513213,1.671482592,1.557497902,0.225724334,0.227969379,-0.227969379,0.201176553,0.167584249,0.184380401,0.033592304,0.033592304,0.411300911,0.454130521,0.432715716,0.04282961,-0.04282961
DSC_0636.JPG,624949,141,left,75,7.5,4,enriched,enriched_left,1.207490028,1.467134759,1.596663759,1.531899259,0.204253235,0.129529,-0.129529,0.24256142,0.221002585,0.231782002,0.021558835,0.021558835,0.504331543,0.504873971,0.504602757,0.000542429,-0.000542428
DSC_0639.JPG,624896,142,left,77,7.7,5,enriched,enriched_left,1.399190075,1.569065432,1.565479582,1.567272507,0.203541884,0.00358585,0.00358585,0.203932024,0.192746065,0.198339044,0.011185959,0.011185959,0.510802774,0.461093237,0.485948005,0.049709537,0.049709537
DSC_0642.JPG,624947,143,left,69,6.9,4.2,enriched,enriched_left,1.611995812,1.406087715,1.670295612,1.538191663,0.222926328,0.264207897,-0.264207897,0.198208455,0.21197917,0.205093813,0.013770715,-0.013770715,0.486962184,0.494538778,0.490750481,0.007576594,-0.007576594
DSC_0645.JPG,624772,144,left,96,9.6,8,semi-natural,semi-natural_left,1.186175189,1.835436653,1.510658863,1.673047758,0.174275808,0.32477779,0.32477779,0.264385902,0.223329463,0.243857682,0.041056439,0.041056439,0.545407861,0.504962572,0.525185217,0.040445289,0.040445289
DSC_0648.JPG,624824,145,left,94,9.4,7.6,semi-natural,semi-natural_left,1.197306593,1.738363154,1.540426861,1.639395008,0.174403724,0.197936293,0.197936293,0.327867781,0.244006349,0.285937065,0.083861432,0.083861432,0.578593776,0.481005625,0.529799701,0.097588151,0.097588151
DSC_0651.JPG,624821,146,left,94,9.4,7.2,semi-natural,semi-natural_left,1.134290456,1.756104667,1.503981,1.630042833,0.173408812,0.252123667,0.252123667,0.326690623,0.230363281,0.278526952,0.096327342,0.096327342,0.604282109,0.592336178,0.598309144,0.011945931,0.011945931
DSC_0654.JPG,624854,147,left,84,8.4,5.3,semi-natural,semi-natural_left,1.154387262,1.496120823,1.291275726,1.393698274,0.165916461,0.204845097,0.204845097,0.257361614,0.195002281,0.226181947,0.062359334,0.062359333,0.526722166,0.488867541,0.507794853,0.037854625,0.037854625
DSC_0657.JPG,624862,148,left,92,9.2,8.5,semi-natural,semi-natural_left,1.424655906,1.76430675,1.690019765,1.727163257,0.187735137,0.074286985,0.074286985,0.322521422,0.273803151,0.298162287,0.048718272,0.048718271,0.596085507,0.459300227,0.527692867,0.13678528,0.13678528
DSC_0660.JPG,624871,149,left,90,9,6.7,semi-natural,semi-natural_left,1.196344826,1.687252449,1.469636266,1.578444357,0.175382706,0.217616183,0.217616183,0.307837557,0.187543875,0.247690716,0.120293682,0.120293682,0.539177963,0.483654168,0.511416065,0.055523795,0.055523795
DSC_0664.JPG,624787,150,left,91,9.1,5.9,semi-natural,semi-natural_left,1.020499513,1.772300885,1.476752242,1.624526564,0.178519403,0.295548643,0.295548643,0.279938807,0.269853332,0.27489607,0.010085475,0.010085475,0.542383823,0.520550656,0.531467239,0.021833167,0.021833167
DSC_0667.JPG,624846,151,left,76,7.6,4.1,semi-natural,semi-natural_left,1.191353681,1.480216196,1.539248615,1.509732406,0.198649001,0.059032419,-0.059032419,0.226317825,0.161911999,0.194114912,0.064405826,0.064405826,0.477446425,0.542480957,0.509963691,0.065034532,-0.065034532
DSC_0671.JPG,624909,152,left,89,8.9,6.7,semi-natural,semi-natural_left,1.235468234,1.59701827,1.589362218,1.593190244,0.17901014,0.007656052,0.007656052,0.296393399,0.192436349,0.244414874,0.10395705,0.10395705,0.540760434,0.505680652,0.523220543,0.035079782,0.035079782
DSC_0674.JPG,624898,153,left,82,8.2,5.1,semi-natural,semi-natural_left,1.190655935,1.500528241,1.486110284,1.493319262,0.182112105,0.014417957,0.014417957,0.262398151,0.232767436,0.247582793,0.029630715,0.029630715,0.524513875,0.533984544,0.529249209,0.009470669,-0.009470669
DSC_0677.JPG,624915,154,left,80,8,4,semi-natural,semi-natural_left,1.002676482,1.364402329,1.400443204,1.382422766,0.172802846,0.036040875,-0.036040875,0.246079037,0.163956,0.205017518,0.082123037,0.082123037,0.482611718,0.556439739,0.519525729,0.073828021,-0.073828021
DSC_0680.JPG,624776,155,left,84,8.4,5.2,semi-natural,semi-natural_left,1.13260637,1.623748145,1.435501724,1.529624934,0.182098206,0.188246421,0.188246421,0.31469263,0.208217398,0.261455014,0.106475232,0.106475232,0.5450455,0.587000201,0.56602285,0.041954701,-0.041954701
DSC_0683.JPG,624814,156,left,80,8,5.3,semi-natural,semi-natural_left,1.328546339,1.578702964,1.318911621,1.448807292,0.181100912,0.259791343,0.259791343,0.192571279,0.148726713,0.170648996,0.043844567,0.043844566,0.503674944,0.584743381,0.544209162,0.081068437,-0.081068437
DSC_0686.JPG,624789,157,left,82,8.2,5.4,semi-natural,semi-natural_left,1.26069452,1.525404466,1.48826944,1.506836953,0.183760604,0.037135026,0.037135026,0.235074549,0.173443661,0.204259105,0.061630888,0.061630888,0.508049204,0.581384473,0.544716839,0.073335269,-0.073335269
DSC_0689.JPG,624879,158,left,79,7.9,4.3,semi-natural,semi-natural_left,1.117641276,1.537296531,1.925295744,1.731296138,0.21915141,0.387999213,-0.387999213,0.267284386,0.262817255,0.265050821,0.004467131,0.004467131,0.476628463,0.571006472,0.523817467,0.094378009,-0.094378009
DSC_0692.JPG,624989,159,left,81,8.1,5.4,semi-natural,semi-natural_left,1.306041285,1.485256234,1.781757482,1.633506858,0.201667513,0.296501248,-0.296501248,0.273729859,0.224948376,0.249339117,0.048781483,0.048781483,0.525144419,0.506142439,0.515643429,0.01900198,0.01900198
DSC_0695.JPG,624842,160,left,76,7.6,4.5,semi-natural,semi-natural_left,1.307583308,1.436571062,1.703052023,1.569811542,0.20655415,0.266480961,-0.266480961,0.216502288,0.222950768,0.219726528,0.006448481,-0.00644848,0.438783513,0.557822644,0.498303078,0.119039131,-0.119039131
DSC_0698.JPG,624900,161,left,78,7.8,4.7,semi-natural,semi-natural_left,1.267259052,1.540458015,1.630219919,1.585338967,0.203248586,0.089761904,-0.089761904,0.242092623,0.225720449,0.233906536,0.016372174,0.016372174,0.505085087,0.533984544,0.519534816,0.028899456,-0.028899457
DSC_0701.JPG,624929,162,left,84,8.4,5.1,semi-natural,semi-natural_left,1.110825478,1.460467249,1.618361525,1.539414387,0.183263618,0.157894276,-0.157894276,0.26899747,0.248747522,0.258872496,0.020249948,0.020249948,0.495408988,0.486032674,0.490720831,0.009376314,0.009376314
DSC_0705.JPG,624806,163,left,81,8.1,5.1,semi-natural,semi-natural_left,1.233483436,1.464142185,1.921882176,1.693012181,0.20901385,0.457739991,-0.457739991,0.261983709,0.274673175,0.268328442,0.012689466,-0.012689466,0.495698034,0.522599644,0.509148839,0.026901611,-0.02690161
DSC_0708.JPG,624838,164,left,78,7.8,4.7,semi-natural,semi-natural_left,1.267259052,1.492130768,1.821140702,1.656635735,0.212389197,0.329009934,-0.329009934,0.206626853,0.26243872,0.234532787,0.055811866,-0.055811867,0.477994401,0.475308868,0.476651634,0.002685533,0.002685533
DSC_0711.JPG,624925,165,left,77,7.7,4,semi-natural,semi-natural_left,1.11935206,1.467902138,1.803342356,1.635622247,0.212418474,0.335440218,-0.335440218,0.226514159,0.213148397,0.219831278,0.013365762,0.013365762,0.510135139,0.539494793,0.524814966,0.029359653,-0.029359654
DSC_0714.JPG,624959,166,left,73,7.3,3.5,semi-natural,semi-natural_left,1.14208442,1.313375425,1.903686254,1.60853084,0.22034669,0.590310829,-0.590310829,0.235074549,0.245306642,0.240190596,0.010232093,-0.010232093,0.466711689,0.460866796,0.463789242,0.005844893,0.005844893
DSC_0717.JPG,624861,167,left,78,7.8,4.5,semi-natural,semi-natural_left,1.213333135,1.496101014,1.642821929,1.569461472,0.201213009,0.146720915,-0.146720915,0.238246863,0.239814618,0.239030741,0.001567755,-0.001567755,0.472956234,0.530463554,0.501709894,0.05750732,-0.05750732
DSC_0721.JPG,624886,168,left,75,7.5,3.8,semi-natural,semi-natural_left,1.147115526,1.455212394,1.719194754,1.587203574,0.211627143,0.26398236,-0.26398236,0.200561822,0.262457659,0.231509741,0.061895838,-0.061895837,0.468686537,0.536047093,0.502366815,0.067360555,-0.067360556
DSC_0724.JPG,624922,169,left,73,7.3,4,semi-natural,semi-natural_left,1.305239338,1.459990317,1.666049496,1.563019907,0.214112316,0.206059179,-0.206059179,0.208411948,0.25804565,0.233228799,0.049633702,-0.049633702,0.480066886,0.533900759,0.506983822,0.053833873,-0.053833873
DSC_0727.JPG,624918,170,left,71,7.1,3.6,semi-natural,semi-natural_left,1.272560552,1.390005742,1.737260082,1.563632912,0.220229988,0.34725434,-0.34725434,0.1999946,0.224948376,0.212471488,0.024953776,-0.024953776,0.446317067,0.565521996,0.505919531,0.119204929,-0.119204929
DSC_0730.JPG,624836,171,left,79,7.9,4.5,semi-natural,semi-natural_left,1.169624592,1.563600645,1.695329134,1.62946489,0.206261378,0.131728489,-0.131728489,0.249111253,0.213148397,0.231129825,0.035962857,0.035962856,0.498024194,0.544018149,0.521021171,0.045993955,-0.045993955
DSC_0738.JPG,624813,172,left,76,7.6,4.2,enriched,enriched_left,1.220411088,1.493837845,1.649389722,1.571613784,0.206791287,0.155551877,-0.155551877,0.230727028,0.215167706,0.222947367,0.015559322,0.015559322,0.489753632,0.620308178,0.555030905,0.130554546,-0.130554546
DSC_0743.JPG,624815,173,left,91,9.1,8.4,enriched,enriched_left,1.452914561,1.762875611,1.632907011,1.697891311,0.186581463,0.1299686,0.1299686,0.242092623,0.231975962,0.237034292,0.010116661,0.010116661,0.538765576,0.51640904,0.527587308,0.022356536,0.022356536
DSC_0746.JPG,624808,174,left,95,9.5,9.5,enriched,enriched_left,1.451709176,1.724524891,1.742125946,1.733325418,0.182455307,0.017601055,-0.017601055,0.281574913,0.280776376,0.281175645,0.000798537,0.000798537,0.564516399,0.507985387,0.536250893,0.056531012,0.056531012
DSC_0749.JPG,624849,175,left,100,10,10.8,enriched,enriched_left,1.423717278,1.798260247,1.627989501,1.713124874,0.171312487,0.170270746,0.170270746,0.242337325,0.196323312,0.219330319,0.046014014,0.046014013,0.595447136,0.486584624,0.54101588,0.108862511,0.108862512
DSC_0752.JPG,624921,176,left,96,9.6,9.3,enriched,enriched_left,1.378928658,1.822907486,1.800404414,1.81165595,0.188714161,0.022503072,0.022503072,0.230727028,0.230923619,0.230825324,0.000196591,-0.000196591,0.529602495,0.501396401,0.515499448,0.028206094,0.028206094
DSC_0755.JPG,624782,177,left,89,8.9,7.2,enriched,enriched_left,1.327667356,1.736714414,2.128861144,1.932787779,0.217167166,0.39214673,-0.39214673,0.279727,0.329680792,0.304703896,0.049953792,-0.049953792,0.527724582,0.573334709,0.550529645,0.045610127,-0.045610127
DSC_0758.JPG,624827,178,left,96,9.6,9.4,enriched,enriched_left,1.393755847,1.890197691,1.819546008,1.85487185,0.193215818,0.070651683,0.070651683,0.265206631,0.249266537,0.257236584,0.015940094,0.015940094,0.567082912,0.435525067,0.501303989,0.131557845,0.131557845
DSC_0761.JPG,624943,179,left,87,8.7,7.1,enriched,enriched_left,1.397793129,1.625368651,1.894008438,1.759688545,0.202263051,0.268639787,-0.268639787,0.278186573,0.268745858,0.273466216,0.009440715,0.009440715,0.522390805,0.538378789,0.530384797,0.015987984,-0.015987984
DSC_0764.JPG,624825,180,left,91,9.1,7.3,enriched,enriched_left,1.26265194,1.730160837,1.909846304,1.82000357,0.200000392,0.179685467,-0.179685467,0.232029194,0.27721308,0.254621137,0.045183885,-0.045183886,0.528173645,0.56446626,0.546319953,0.036292614,-0.036292615
DSC_0767.JPG,624917,181,left,93,9.3,9.1,enriched,enriched_left,1.478463137,1.869015017,1.837019627,1.853017322,0.199249174,0.03199539,0.03199539,0.304238504,0.299949582,0.302094043,0.004288922,0.004288922,0.525172635,0.554157129,0.539664882,0.028984495,-0.028984494
DSC_0770.JPG,624982,182,left,96,9.6,9.3,enriched,enriched_left,1.378928658,1.791556869,1.811636537,1.801596703,0.187666323,0.020079668,-0.020079668,0.277600037,0.28341945,0.280509744,0.005819413,-0.005819413,0.533384787,0.533612066,0.533498426,0.000227278,-0.000227279
DSC_0773.JPG,624993,183,left,91,9.1,7.4,enriched,enriched_left,1.279948542,1.792405807,1.809338549,1.800872178,0.197898042,0.016932742,-0.016932742,0.220727231,0.274600778,0.247664004,0.053873547,-0.053873547,0.54229275,0.514721818,0.528507284,0.027570932,0.027570932
DSC_0776.JPG,624818,184,left,87,8.7,7.3,enriched,enriched_left,1.437167583,1.721804708,1.758548828,1.740176768,0.200020318,0.03674412,-0.03674412,0.217934813,0.25547084,0.236702827,0.037536027,-0.037536027,0.524466789,0.540084143,0.532275466,0.015617354,-0.015617354
DSC_0779.JPG,624877,185,left,85,8.5,6.3,enriched,enriched_left,1.326215329,1.642379154,1.76651591,1.704447532,0.200523239,0.124136756,-0.124136756,0.209475704,0.206395101,0.207935402,0.003080603,0.003080603,0.51052228,0.454130521,0.4823264,0.056391759,0.056391759
DSC_0782.JPG,624805,186,left,87,8.7,7.2,enriched,enriched_left,1.417480356,1.740438911,1.787153109,1.76379601,0.202735174,0.046714198,-0.046714198,0.233535687,0.249326353,0.24143102,0.015790667,-0.015790666,0.540102397,0.530163613,0.535133005,0.009938784,0.009938784
DSC_0785.JPG,624874,187,left,92,9.2,8.5,enriched,enriched_left,1.424655906,1.874287672,1.749073998,1.811680835,0.19692183,0.125213674,0.125213674,0.2172311,0.234681499,0.225956299,0.017450399,-0.017450399,0.547207041,0.499180745,0.523193893,0.048026296,0.048026296
DSC_0788.JPG,624857,188,left,82,8.2,5,enriched,enriched_left,1.167309741,1.609722361,1.775195003,1.692458682,0.2063974,0.165472642,-0.165472642,0.214024223,0.249903844,0.231964034,0.035879621,-0.035879621,0.504067046,0.509226583,0.506646814,0.005159537,-0.005159537
DSC_0791.JPG,624996,189,left,83,8.3,6.4,enriched,enriched_left,1.442896128,1.643175911,1.974437703,1.808806807,0.217928531,0.331261792,-0.331261792,0.225880918,0.303900789,0.264890854,0.078019871,-0.078019871,0.509951145,0.517063161,0.513507153,0.007112016,-0.007112016
DSC_0794.JPG,624845,190,left,92,9.2,8.1,enriched,enriched_left,1.357613276,1.797864683,1.776905034,1.787384858,0.194280963,0.020959649,0.020959649,0.252107003,0.238338438,0.24522272,0.013768565,0.013768565,0.526468918,0.558864247,0.542666583,0.032395329,-0.032395329
DSC_0798.JPG,624904,191,left,74,7.4,4,enriched,enriched_left,1.255083553,1.427700615,1.674548772,1.551124693,0.209611445,0.246848157,-0.246848157,0.225333592,0.216296719,0.220815156,0.009036873,0.009036873,0.49739899,0.527494167,0.512446579,0.030095177,-0.030095177
DSC_0802.JPG,624999,192,left,82,8.2,6.1,enriched,enriched_left,1.424117883,1.614367309,1.795253522,1.704810415,0.207903709,0.180886213,-0.180886213,0.235074549,0.213381473,0.224228011,0.021693076,0.021693076,0.501955895,0.49863277,0.500294332,0.003323125,0.003323125
DSC_0805.JPG,624969,193,left,79,7.9,5.2,enriched,enriched_left,1.351566195,1.706649,1.837625638,1.772137319,0.22432118,0.130976638,-0.130976638,0.214554358,0.265020857,0.239787607,0.050466499,-0.050466499,0.503361042,0.461028551,0.482194796,0.042332491,0.042332491
DSC_0808.JPG,624992,194,left,72,7.2,3.4,enriched,enriched_left,1.154413315,1.343841098,1.726085365,1.534963232,0.213189338,0.382244267,-0.382244267,0.19120706,0.186667187,0.188937123,0.004539873,0.004539873,0.481382028,0.482450214,0.481916121,0.001068186,-0.001068186
DSC_0811.JPG,624957,195,left,79,7.9,6.2,enriched,enriched_left,1.611482771,1.581182044,1.6490401,1.615111072,0.204444439,0.067858056,-0.067858056,0.225815309,0.261470973,0.243643141,0.035655664,-0.035655664,0.541116537,0.482666529,0.511891533,0.058450008,0.058450008
DSC_0814.JPG,624986,196,left,77,7.7,4,semi-natural,semi-natural_left,1.11935206,1.531686159,1.749630923,1.640658541,0.213072538,0.217944764,-0.217944764,0.194053208,0.304782752,0.24941798,0.110729544,-0.110729544,0.509408458,0.504834588,0.507121523,0.00457387,0.00457387
DSC_0817.JPG,624938,197,left,74,7.4,3.7,enriched,enriched_left,1.160952287,1.579165937,1.695393637,1.637279787,0.221254025,0.1162277,-0.1162277,0.176120214,0.285115593,0.230617904,0.108995379,-0.108995379,0.491525408,0.481005625,0.486265517,0.010519783,0.010519783
DSC_0820.JPG,624987,198,left,75,7.5,4.4,enriched,enriched_left,1.328239031,1.482116967,1.668798041,1.575457504,0.210061001,0.186681074,-0.186681074,0.17746125,0.197911979,0.187686615,0.020450729,-0.020450729,0.490318074,0.482573835,0.486445954,0.007744239,0.007744239
DSC_0823.JPG,624905,199,left,73,7.3,4.2,enriched,enriched_left,1.370501304,1.537967887,1.827875439,1.682921663,0.230537214,0.289907552,-0.289907552,0.194154993,0.264024923,0.229089958,0.06986993,-0.06986993,0.499133733,0.578934075,0.539033904,0.079800341,-0.079800342
DSC_0826.JPG,624769,200,left,82,8.2,5.9,enriched,enriched_left,1.377425494,1.698953585,1.745486675,1.72222013,0.210026845,0.04653309,-0.04653309,0.240598652,0.284434854,0.262516753,0.043836203,-0.043836202,0.560521249,0.542645865,0.551583557,0.017875384,0.017875384
DSC_0830.JPG,624864,201,left,77,7.7,5.3,enriched,enriched_left,1.483141479,1.524471643,1.777173563,1.650822603,0.214392546,0.25270192,-0.25270192,0.203932024,0.261071446,0.232501735,0.057139423,-0.057139422,0.488501476,0.517332264,0.50291687,0.028830788,-0.028830788
DSC_0833.JPG,624887,202,left,80,8,5.2,enriched,enriched_left,1.303479427,1.625152879,1.77477774,1.69996531,0.212495664,0.149624861,-0.149624861,0.209357776,0.244087821,0.226722798,0.034730045,-0.034730045,0.459362111,0.524441628,0.49190187,0.065079517,-0.065079517
DSC_0836.JPG,624946,203,left,76,7.6,4.4,enriched,enriched_left,1.278525901,1.484244937,1.596302589,1.540273763,0.2026676,0.112057652,-0.112057652,0.198432602,0.227037895,0.212735249,0.028605292,-0.028605293,0.511063784,0.460316404,0.485690094,0.050747381,0.05074738
DSC_0839.JPG,624812,204,left,77,7.7,4.1,enriched,enriched_left,1.147335861,1.543673819,1.917895026,1.730784422,0.224777198,0.374221207,-0.374221207,0.187133914,0.255412462,0.221273188,0.068278548,-0.068278548,0.444053736,0.517562813,0.480808275,0.073509077,-0.073509077
DSC_0842.JPG,624998,205,left,72,7.2,3.7,enriched,enriched_left,1.256273314,1.442578795,1.539752305,1.49116555,0.207106326,0.09717351,-0.09717351,0.209239781,0.229281859,0.21926082,0.020042078,-0.020042078,0.462405697,0.471318135,0.466861916,0.008912438,-0.008912438
DSC_0845.JPG,624779,206,left,91,9.1,7.6,standard,standard_left,1.314541745,1.808429871,1.710928901,1.759679386,0.193371361,0.09750097,0.09750097,0.34966493,0.235379422,0.292522176,0.114285508,0.114285508,0.559851148,0.533192717,0.546521933,0.026658432,0.026658431
DSC_0848.JPG,624961,207,left,94,9.4,8.1,standard,standard_left,1.276076763,1.892754161,1.640472297,1.766613229,0.187937578,0.252281864,0.252281864,0.289770282,0.203801881,0.246786082,0.085968401,0.085968401,0.570348425,0.617996043,0.594172234,0.047647619,-0.047647618
DSC_0851.JPG,624826,208,left,84,8.4,6.7,standard,standard_left,1.459319746,1.669359115,1.811990448,1.740674782,0.207223188,0.142631333,-0.142631333,0.194586986,0.323655104,0.259121045,0.129068119,-0.129068118,0.511643331,0.503552954,0.507598143,0.008090377,0.008090377
DSC_0854.JPG,624958,209,left,87,8.7,8.9,standard,standard_left,1.752163217,1.835474327,1.716066415,1.775770371,0.204111537,0.119407912,0.119407912,0.209357776,0.244880745,0.22711926,0.035522969,-0.035522969,0.551316603,0.549717209,0.550516906,0.001599395,0.001599394
DSC_0857.JPG,624997,210,left,89,8.9,7.2,standard,standard_left,1.327667356,1.625125526,1.881273853,1.75319969,0.196988729,0.256148327,-0.256148327,0.211306861,0.3046033,0.25795508,0.093296439,-0.093296439,0.534513332,0.574711556,0.554612444,0.040198224,-0.040198224
DSC_0860.JPG,624823,211,left,85,8.5,6.4,standard,standard_left,1.347266366,1.761947971,1.850625678,1.806286825,0.212504332,0.088677707,-0.088677707,0.267616807,0.298004373,0.28281059,0.030387567,-0.030387566,0.517068876,0.598721409,0.557895142,0.081652533,-0.081652533
DSC_0863.JPG,624941,212,left,95,9.5,8.5,standard,standard_left,1.298897684,1.958129359,1.534899054,1.746514206,0.183843601,0.423230305,0.423230305,0.265690415,0.238817636,0.252254026,0.026872779,0.026872779,0.543629983,0.615998085,0.579814034,0.072368101,-0.072368102
DSC_0866.JPG,624888,213,left,97,9.7,9.6,standard,standard_left,1.381556461,1.842980268,1.842776778,1.842878523,0.189987477,0.00020349,0.00020349,0.238246863,0.243414867,0.240830865,0.005168004,-0.005168004,0.547107744,0.586873168,0.566990456,0.039765424,-0.039765424
DSC_0869.JPG,624797,214,left,98,9.8,10.1,standard,standard_left,1.41120555,1.898811657,1.698881927,1.798846792,0.183555795,0.19992973,0.19992973,0.247400222,0.194670622,0.221035422,0.0527296,0.0527296,0.551782273,0.460510735,0.506146504,0.091271538,0.091271538
DSC_0872.JPG,624974,215,left,85,8.5,6.2,standard,standard_left,1.305164292,1.626146406,1.73543652,1.680791463,0.197740172,0.109290114,-0.109290114,0.209734912,0.231525544,0.220630228,0.021790631,-0.021790632,0.519546551,0.508503735,0.514025143,0.011042817,0.011042816
DSC_0875.JPG,624856,216,left,92,9.2,8,standard,standard_left,1.340852618,1.756498387,1.822908525,1.789703456,0.194532984,0.066410138,-0.066410138,0.279868223,0.300198056,0.290033139,0.020329833,-0.020329833,0.547360466,0.540479752,0.543920109,0.006880714,0.006880714
DSC_0878.JPG,624852,217,left,89,8.9,7.6,standard,standard_left,1.401426654,1.555813572,1.61985049,1.587832031,0.178408093,0.064036918,-0.064036918,0.216753093,0.205912868,0.211332981,0.010840225,0.010840225,0.532096069,0.559646398,0.545871233,0.027550329,-0.027550329
DSC_0881.JPG,624807,218,left,94,9.4,8.8,standard,standard_left,1.386355002,1.793232308,1.696771065,1.745001686,0.185638477,0.096461243,0.096461243,0.275384918,0.217374141,0.246379529,0.058010777,0.058010777,0.516830012,0.537352979,0.527091496,0.020522968,-0.020522967
DSC_0884.JPG,624833,219,left,92,9.2,8.1,standard,standard_left,1.357613276,1.785235067,1.891739567,1.838487317,0.199835578,0.1065045,-0.1065045,0.287854877,0.319574865,0.303714871,0.031719988,-0.031719988,0.563228757,0.552504212,0.557866485,0.010724545,0.010724545
DSC_0887.JPG,624893,220,left,90,9,7.3,standard,standard_left,1.303480183,1.712565874,1.784667632,1.748616753,0.19429075,0.072101758,-0.072101758,0.226339649,0.283927606,0.255133627,0.057587958,-0.057587957,0.540605137,0.520436056,0.530520596,0.020169081,0.020169081
DSC_0890.JPG,624811,221,left,89,8.9,6.8,standard,standard_left,1.253908059,1.73528329,1.68024432,1.707763805,0.191883574,0.05503897,0.05503897,0.248932743,0.237398078,0.243165411,0.011534665,0.011534665,0.535869979,0.543423918,0.539646948,0.007553939,-0.007553939
DSC_0893.JPG,624873,222,left,74,7.4,3.7,standard,standard_left,1.160952287,1.322586948,1.514178804,1.418382876,0.191673362,0.191591856,-0.191591856,0.1880029,0.293838624,0.240920762,0.105835724,-0.105835724,0.473217244,0.497584959,0.485401102,0.024367714,-0.024367715
DSC_0899.JPG,624942,223,left,86,8.6,6.5,standard,standard_left,1.322993825,1.74214083,1.8981479,1.820144365,0.211644694,0.15600707,-0.15600707,0.270170057,0.39160717,0.330888613,0.121437113,-0.121437113,0.493931225,0.524574305,0.509252765,0.03064308,-0.03064308
DSC_0902.JPG,624793,224,left,79,7.9,4.9,standard,standard_left,1.273591222,1.642827189,1.601183927,1.622005558,0.205317159,0.041643262,0.041643262,0.217866811,0.331665028,0.274765919,0.113798216,-0.113798217,0.476628463,0.536603178,0.50661582,0.059974715,-0.059974715
DSC_0905.JPG,624924,225,left,87,8.7,7,standard,standard_left,1.378105901,1.766544952,1.504380856,1.635462904,0.187984242,0.262164096,0.262164096,0.272880466,0.253909506,0.263394986,0.018970959,0.01897096,0.490811427,0.486513111,0.488662269,0.004298317,0.004298316
DSC_0908.JPG,624960,226,left,80,8,5.6,standard,standard_left,1.403747075,1.599614095,1.731344427,1.665479261,0.208184908,0.131730332,-0.131730332,0.180113371,0.28377,0.231941686,0.103656629,-0.103656629,0.499895113,0.513271213,0.506583163,0.0133761,-0.0133761
DSC_0911.JPG,624936,227,left,91,9.1,7.3,standard,standard_left,1.26265194,1.765263928,1.842226426,1.803745177,0.198213756,0.076962498,-0.076962498,0.236290063,0.330463883,0.283376973,0.09417382,-0.09417382,0.525642672,0.56008144,0.542862056,0.034438768,-0.034438768
DSC_0914.JPG,624816,228,left,83,8.3,5.9,standard,standard_left,1.330169868,1.712219746,1.624101088,1.668160417,0.200983183,0.088118658,0.088118658,0.24256142,0.228434796,0.235498108,0.014126624,0.014126624,0.525219657,0.559646398,0.542433027,0.034426741,-0.034426741
DSC_0917.JPG,624780,229,left,80,8,4.7,standard,standard_left,1.178144867,1.66579,1.627794079,1.64679204,0.205849005,0.037995921,0.037995921,0.212076822,0.21183843,0.211957626,0.000238392,0.000238392,0.509175701,0.558801983,0.533988842,0.049626283,-0.049626282
DSC_0920.JPG,624890,230,left,84,8.4,5.9,standard,standard_left,1.285072612,1.647465744,1.769465173,1.708465458,0.203388745,0.121999429,-0.121999429,0.222288106,0.292278168,0.257283137,0.069990062,-0.069990062,0.466711689,0.578040445,0.522376067,0.111328757,-0.111328756
DSC_0923.JPG,624820,231,left,85,8.5,6.4,standard,standard_left,1.347266366,1.697362593,1.516989531,1.607176062,0.189079537,0.180373062,0.180373062,0.189885067,0.222638418,0.206261743,0.032753351,-0.032753351,0.504938381,0.508816444,0.506877412,0.003878062,-0.003878063
DSC_0926.JPG,624995,232,left,82,8.2,5.2,standard,standard_left,1.21400213,1.61747587,1.558299876,1.587887873,0.193644863,0.059175994,0.059175994,0.197909197,0.289149182,0.24352919,0.091239985,-0.091239985,0.501158224,0.523435987,0.512297105,0.022277762,-0.022277763
DSC_0929.JPG,624881,233,left,88,8.8,6.4,standard,standard_left,1.219185751,1.606183709,1.66213648,1.634160094,0.185700011,0.055952771,-0.055952771,0.227775359,0.277839956,0.252807657,0.050064597,-0.050064597,0.527593533,0.571563331,0.549578432,0.043969798,-0.043969798
DSC_0932.JPG,624819,234,left,86,8.6,6.3,standard,standard_left,1.282286322,1.739215337,1.496436521,1.617825929,0.188119294,0.242778816,0.242778816,0.211890421,0.256945319,0.23441787,0.045054898,-0.045054898,0.520458404,0.558864247,0.539661325,0.038405843,-0.038405843
DSC_0936.JPG,624907,235,left,77,7.7,4.9,standard,standard_left,1.371206273,1.603564637,1.683749235,1.643656936,0.21346194,0.080184598,-0.080184598,0.19264821,0.280191554,0.236419882,0.087543344,-0.087543344,0.496006827,0.480095374,0.4880511,0.015911453,0.015911453
DSC_0939.JPG,624791,236,left,82,8.2,5.7,standard,standard_left,1.330733104,1.547074507,1.658777688,1.602926097,0.195478792,0.111703181,-0.111703181,0.2470406,0.276333064,0.261686832,0.029292465,-0.029292464,0.495408988,0.539614557,0.517511772,0.044205569,-0.044205569
DSC_0942.JPG,624965,237,left,76,7.6,4,standard,standard_left,1.162296274,1.540858755,1.558504012,1.549681383,0.203905445,0.017645257,-0.017645257,0.198208455,0.260003041,0.229105748,0.061794586,-0.061794586,0.495159675,0.51297091,0.504065293,0.017811235,-0.017811235
DSC_0946.JPG,624800,238,left,79,7.9,4.4,standard,standard_left,1.143632934,1.436354439,1.440427612,1.438391026,0.182074813,0.004073173,-0.004073173,0.227558409,0.241384751,0.23447158,0.013826342,-0.013826342,0.482887967,0.468143527,0.475515747,0.01474444,0.01474444
DSC_0949.JPG,624928,239,left,83,8.3,5.7,standard,standard_left,1.285079364,1.712389934,1.495526099,1.603958017,0.193247954,0.216863835,0.216863835,0.18860619,0.234278721,0.211442455,0.045672531,-0.045672531,0.546276547,0.545796959,0.546036753,0.000479588,0.000479588
DSC_0952.JPG,624976,240,left,71,7.1,3.5,standard,standard_left,1.237211648,1.491107571,1.385749777,1.438428674,0.202595588,0.105357794,0.105357794,0.216228349,0.224483857,0.220356103,0.008255508,-0.008255508,0.467166537,0.468440734,0.467803636,0.001274196,-0.001274197
DSC_0956.JPG,624981,241,left,77,7.7,4,standard,standard_left,1.11935206,1.580932124,1.519739458,1.550335791,0.201342311,0.061192666,0.061192666,0.218319757,0.252496051,0.235407904,0.034176294,-0.034176294,0.421583983,0.451154528,0.436369255,0.029570545,-0.029570545
DSC_0959.JPG,624970,242,left,76,7.6,4.4,enriched,enriched_left,1.278525901,1.537248337,1.588414308,1.562831322,0.2056357,0.051165971,-0.051165971,0.181125175,0.264137859,0.222631517,0.083012683,-0.083012684,0.478985363,0.486063355,0.482524359,0.007077992,-0.007077992
DSC_0962.JPG,624994,243,left,78,7.8,4.9,standard,standard_left,1.321184969,1.598424865,1.321829208,1.460127037,0.187195774,0.276595657,0.276595657,0.203228431,0.175664833,0.189446632,0.027563598,0.027563598,0.474124441,0.50258464,0.48835454,0.028460199,-0.028460199
DSC_0965.JPG,624902,244,left,80,8,6,standard,standard_left,1.504014724,1.538776979,1.385588352,1.462182665,0.182772833,0.153188627,0.153188627,0.229632665,0.228695765,0.229164215,0.0009369,0.0009369,0.462544537,0.518474396,0.490509466,0.055929859,-0.055929859
DSC_0968.JPG,624792,245,left,72,7.2,4.2,standard,standard_left,1.426039978,1.512423226,1.491932167,1.502177697,0.208635791,0.020491059,0.020491059,0.181370436,0.244880745,0.21312559,0.063510308,-0.063510309,0.468686537,0.50654493,0.487615734,0.037858393,-0.037858393
DSC_0972.JPG,624944,246,left,72,7.2,3.8,standard,standard_left,1.290226646,1.501880503,1.530715743,1.516298123,0.210596962,0.02883524,-0.02883524,0.212704716,0.192333,0.202518858,0.020371716,0.020371716,0.458878,0.487859891,0.473368945,0.028981891,-0.028981891
DSC_0975.JPG,624859,247,left,72,7.2,4.1,standard,standard_left,1.392086645,1.43519168,1.384256775,1.409724227,0.195795032,0.050934905,0.050934905,0.160262183,0.195002281,0.177632232,0.034740097,-0.034740098,0.496335331,0.491770868,0.4940531,0.004564463,0.004564463
DSC_0978.JPG,624911,248,left,71,7.1,3.9,standard,standard_left,1.378607265,1.366840074,1.43620794,1.401524007,0.197397747,0.069367866,-0.069367866,0.217503775,0.157586927,0.187545351,0.059916848,0.059916848,0.42970684,0.542838193,0.486272517,0.113131353,-0.113131353
