ID,pit,TPS_order,body_morph_remove,side,length,length_cm,weight,rearing,rearing_side,K,pec_length,mouth_length
DSC_0097.JPG,510895,1,,left,87,8.7,7.3,semi-wild,semi-wild_left,1.437167583,1.960145061,0.384063609
DSC_0100.JPG,510852,2,,left,82,8.2,5.2,semi-wild,semi-wild_left,1.21400213,1.820892533,0.326368577
DSC_0106.JPG,510896,3,,left,77,7.7,4.7,semi-wild,semi-wild_left,1.31523867,1.772187268,0.296782037
DSC_0111.JPG,510305,4,,left,75,7.5,4,semi-wild,semi-wild_left,1.207490028,1.617771615,0.238688718
DSC_0115.JPG,510897,5,,left,71,7.1,4,semi-wild,semi-wild_left,1.413956169,1.66952111,0.306665723
DSC_0119.JPG,510337,6,,left,89,8.9,7.5,semi-wild,semi-wild_left,1.38298683,1.893932474,0.363039816
DSC_0123.JPG,510875,7,,left,83,8.3,6.1,semi-wild,semi-wild_left,1.375260372,1.809651693,0.289698718
DSC_0127.JPG,510382,8,,left,81,8.1,5.7,semi-wild,semi-wild_left,1.378599134,1.809121442,0.277081461
DSC_0131.JPG,510862,9,,left,84,8.4,5.4,semi-wild,semi-wild_left,1.176168153,1.897668086,0.303553601
DSC_0135.JPG,510846,10,,left,74,7.4,4.9,semi-wild,semi-wild_left,1.537477352,1.678843891,0.192873391
DSC_0139.JPG,510863,11,,left,83,8.3,5.7,semi-wild,semi-wild_left,1.285079364,1.796045591,0.243468505
DSC_0143.JPG,510855,12,,left,77,7.7,4.6,semi-wild,semi-wild_left,1.287254869,1.701192102,0.264666279
DSC_0148.JPG,510831,13,,left,82,8.2,4.7,semi-wild,semi-wild_left,1.097271156,1.806938669,0.271510238
DSC_0150.JPG,510824,14,,left,73,7.3,4.1,semi-wild,semi-wild_left,1.337870321,1.689087537,0.29784661
DSC_0155.JPG,510394,15,,left,72,7.2,4.2,semi-wild,semi-wild_left,1.426039978,1.726582085,0.238294722
DSC_0159.JPG,510325,16,,left,73,7.3,3.8,semi-wild,semi-wild_left,1.239977371,1.684830834,0.232176843
DSC_0164.JPG,510344,17,,left,75,7.5,5,semi-wild,semi-wild_left,1.509362535,1.739728039,0.296265009
DSC_0171.JPG,510849,18,,left,73,7.3,4.7,semi-wild,semi-wild_left,1.533656222,1.741506656,0.256967864
DSC_0175.JPG,510331,19,,left,82,8.2,4.1,semi-wild,semi-wild_left,0.957193987,1.775098291,0.261848401
DSC_0179.JPG,510375,20,,left,99,9.9,9.2,semi-wild,semi-wild_left,1.24841353,2.136698279,0.315253896
DSC_0184.JPG,510312,21,,left,84,8.4,5.6,semi-wild,semi-wild_left,1.219729937,1.895602931,0.213790614
DSC_0188.JPG,510379,22,,left,83,8.3,5.6,semi-wild,semi-wild_left,1.262534112,1.946818509,0.284791863
DSC_0192.JPG,510384,23,,left,86,8.6,5.7,semi-wild,semi-wild_left,1.160163816,1.858862619,0.241919811
DSC_0196.JPG,510353,24,,left,81,8.1,5.7,semi-wild,semi-wild_left,1.378599134,1.838682231,0.304545795
DSC_0200.JPG,510319,25,,left,89,8.9,6.2,semi-wild,semi-wild_left,1.143269112,1.763414148,0.284392179
DSC_0204.JPG,510893,26,,left,81,8.1,5.6,semi-wild,semi-wild_left,1.354413184,1.841372657,0.240031708
DSC_0208.JPG,510396,27,,left,80,8,4.9,semi-wild,semi-wild_left,1.228278691,1.784481979,0.225147736
DSC_0212.JPG,510869,28,,left,79,7.9,5.1,semi-wild,semi-wild_left,1.325574537,1.877491246,0.229412607
DSC_0220.JPG,510367,29,,left,80,8,4.3,semi-wild,semi-wild_left,1.077877219,1.799437523,0.274355062
DSC_0224.JPG,510349,30,,left,83,8.3,5.2,semi-wild,semi-wild_left,1.172353104,1.815493303,0.280399283
DSC_0227.JPG,510840,31,,left,82,8.2,5.6,semi-wild,semi-wild_left,1.307386909,1.923202858,0.265449924
DSC_0232.JPG,510317,32,,left,90,9,7,semi-wild,semi-wild_left,1.249912504,1.946366282,0.306665723
DSC_0236.JPG,510877,33,,left,79,7.9,4.4,semi-wild,semi-wild_left,1.143632934,1.805397105,0.244744862
DSC_0240.JPG,510397,34,,left,73,7.3,4.2,semi-wild,semi-wild_left,1.370501304,1.676429558,0.211090188
DSC_0244.JPG,510882,35,,left,81,8.1,5.7,semi-wild,semi-wild_left,1.378599134,1.848845434,0.245108315
DSC_0248.JPG,510345,36,,left,84,8.4,5,semi-wild,semi-wild_left,1.089044586,1.844295146,0.290653134
DSC_0252.JPG,510316,37,,left,76,7.6,4.3,semi-wild,semi-wild_left,1.249468494,1.64250015,0.256042406
DSC_0256.JPG,510839,38,,left,70,7,3.6,semi-wild,semi-wild_left,1.325623351,1.619687214,0.239887439
DSC_0260.JPG,510385,39,,left,80,8,4.9,semi-wild,semi-wild_left,1.228278691,1.813183261,0.277474699
DSC_0264.JPG,510376,40,,left,77,7.7,4.8,semi-wild,semi-wild_left,1.343222472,1.707397535,0.246458318
DSC_0271.JPG,510871,41,,left,77,7.7,3.7,semi-wild,semi-wild_left,1.035400655,1.680256148,0.217071881
DSC_0275.JPG,510354,42,,left,79,7.9,5.3,semi-wild,semi-wild_left,1.377557852,1.867104576,0.232422207
DSC_0279.JPG,510301,43,,left,72,7.2,4.2,semi-wild,semi-wild_left,1.426039978,1.663746458,0.242638595
DSC_0283.JPG,510381,44,,left,73,7.3,3.8,semi-wild,semi-wild_left,1.239977371,1.737166552,0.29121553
DSC_0287.JPG,510339,45,,left,77,7.7,4.3,semi-wild,semi-wild_left,1.203303464,1.806522471,0.206028385
DSC_0291.JPG,510834,46,,left,67,6.7,3.8,semi-wild,semi-wild_left,1.587406539,1.485485936,0.178572558
DSC_0295.JPG,510850,47,,left,86,8.6,5.8,semi-wild,semi-wild_left,1.180517567,1.854696923,0.243468505
DSC_0299.JPG,510830,48,,left,72,7.2,3.7,semi-wild,semi-wild_left,1.256273314,1.617290836,0.230629062
DSC_0303.JPG,510843,49,,left,77,7.7,5,semi-wild,semi-wild_left,1.399190075,1.709629156,0.209173208
DSC_0307.JPG,510313,50,,left,74,7.4,4.2,semi-wild,semi-wild_left,1.317837731,1.67680122,0.187068026
DSC_0311.JPG,510355,51,,left,86,8.6,6.1,semi-wild,semi-wild_left,1.24157882,1.832564598,0.222550324
DSC_0318.JPG,510829,52,,left,77,7.7,5.1,semi-wild,semi-wild_left,1.427173876,1.727020587,0.195397557
DSC_0326.JPG,510362,54,,left,83,8.3,5.2,semi-wild,semi-wild_left,1.172353104,1.819416978,0.239054026
DSC_0330.JPG,510308,55,,left,67,6.7,3.6,semi-wild,semi-wild_left,1.503858826,1.528589927,0.202450876
DSC_0334.JPG,510363,56,,left,80,8,5.2,semi-wild,semi-wild_left,1.303479427,1.832380274,0.203220144
DSC_0338.JPG,510320,57,,left,73,7.3,4.2,semi-wild,semi-wild_left,1.370501304,1.69033237,0.248213362
DSC_0345.JPG,510311,58,,left,76,7.6,4.2,semi-wild,semi-wild_left,1.220411088,1.764817686,0.241617985
DSC_0349.JPG,510361,59,,left,80,8,5.8,semi-wild,semi-wild_left,1.4538809,1.871285571,0.223914282
DSC_0353.JPG,510387,60,,left,69,6.9,3.5,semi-wild,semi-wild_left,1.343329843,1.582277009,0.169929632
DSC_0362.JPG,510807,61,,left,78,7.8,4.4,semi-wild,semi-wild_left,1.186370177,1.686294921,0.208852628
DSC_0373.JPG,510883,62,,left,86,8.6,5.7,semi-wild,semi-wild_left,1.160163816,1.901712401,0.247958599
DSC_0381.JPG,510369,63,,left,86,8.6,5.3,semi-wild,semi-wild_left,1.078748811,1.843616597,0.272891054
DSC_0385.JPG,624750,64,,left,86,8.6,6.5,semi-natural,semi-natural_left,1.322993825,1.634290394,0.258955689
DSC_0390.JPG,624759,65,,left,97,9.7,7.9,semi-natural,semi-natural_left,1.136905838,1.62927392,0.299370302
DSC_0394.JPG,624755,66,,left,100,10,9.5,semi-natural,semi-natural_left,1.252343902,1.895270698,0.330613125
DSC_0398.JPG,624754,67,,left,83,8.3,5.2,semi-natural,semi-natural_left,1.172353104,1.551951775,0.247478937
DSC_0402.JPG,624758,68,,left,81,8.1,5.1,semi-natural,semi-natural_left,1.233483436,1.534801875,0.289626963
DSC_0405.JPG,624762,69,,left,88,8.8,5.9,semi-natural,semi-natural_left,1.123936864,1.707759331,0.242169649
DSC_0408.JPG,624756,70,,left,102,10.2,9.7,semi-natural,semi-natural_left,1.207822845,1.820742492,0.311319509
DSC_0411.JPG,624764,71,,left,84,8.4,5.4,semi-natural,semi-natural_left,1.176168153,1.641154702,0.241827248
DSC_0415.JPG,624767,72,,left,86,8.6,5.7,semi-natural,semi-natural_left,1.160163816,1.62983274,0.250298735
DSC_0418.JPG,624751,73,,left,85,8.5,5.7,semi-natural,semi-natural_left,1.199909107,1.707828787,0.254042204
DSC_0421.JPG,624766,74,,left,81,8.1,5.8,semi-natural,semi-natural_left,1.402785084,1.537160683,0.190214303
DSC_0424.JPG,624752,75,,left,82,8.2,4.7,semi-natural,semi-natural_left,1.097271156,1.654398628,0.233629505
DSC_0428.JPG,624768,76,,left,84,8.4,5.4,semi-natural,semi-natural_left,1.176168153,1.626402929,0.247737381
DSC_0431.JPG,624760,77,,left,80,8,4.8,semi-natural,semi-natural_left,1.203211779,1.559328916,0.255613194
DSC_0434.JPG,624761,78,,left,89,8.9,7,semi-natural,semi-natural_left,1.290787708,1.638024,0.332268892
DSC_0437.JPG,624786,79,,left,79,7.9,5,semi-natural,semi-natural_left,1.29958288,1.578738868,0.230800438
DSC_0440.JPG,624967,80,,left,78,7.8,3.9,semi-natural,semi-natural_left,1.051555384,1.430331442,0.20423
DSC_0443.JPG,624892,81,,left,72,7.2,3.4,semi-natural,semi-natural_left,1.154413315,1.39412066,0.207133833
DSC_0446.JPG,624803,82,,left,81,8.1,4.8,semi-natural,semi-natural_left,1.160925586,1.436863036,0.228129645
DSC_0449.JPG,624840,83,,left,74,7.4,3.6,semi-natural,semi-natural_left,1.129575198,1.374848589,0.235149342
DSC_0452.JPG,624980,84,,left,77,7.7,3.8,semi-natural,semi-natural_left,1.063384457,1.555085457,0.237886766
DSC_0455.JPG,624908,85,,left,77,7.7,4.8,semi-natural,semi-natural_left,1.343222472,1.529151233,0.276099772
DSC_0458.JPG,624988,86,,left,77,7.7,3.7,semi-natural,semi-natural_left,1.035400655,1.298597602,0.193630586
DSC_0461.JPG,624781,87,,left,77,7.7,4.7,semi-natural,semi-natural_left,1.31523867,1.440295191,0.175895491
DSC_0464.JPG,624831,88,,left,78,7.8,4.3,semi-natural,semi-natural_left,1.159407218,1.455222577,0.273296456
DSC_0467.JPG,624984,89,,left,81,8.1,4.7,semi-natural,semi-natural_left,1.136739637,1.51962891,0.220640714
DSC_0470.JPG,624948,90,,left,69,6.9,3.5,semi-natural,semi-natural_left,1.343329843,1.32212957,0.214092318
DSC_0473.JPG,624926,91,,left,72,7.2,3.8,semi-natural,semi-natural_left,1.290226646,1.421091478,0.207074829
DSC_0476.JPG,624870,92,,left,74,7.4,3.5,semi-natural,semi-natural_left,1.098198109,1.376802029,0.245176684
DSC_0480.JPG,624880,93,,left,74,7.4,3.6,semi-natural,semi-natural_left,1.129575198,1.427143516,0.17851576
DSC_0483.JPG,624912,94,,left,80,8,5.1,standard,standard_left,1.278412515,1.55168743,0.200058232
DSC_0486.JPG,624865,95,,left,87,8.7,6.6,standard,standard_left,1.299356993,1.649114166,0.203875734
DSC_0489.JPG,624889,96,,left,96,9.6,9,standard,standard_left,1.334447088,1.809374627,0.279938807
DSC_0492.JPG,624832,97,,left,94,9.4,9.1,standard,standard_left,1.433617105,1.601064488,0.304432101
DSC_0495.JPG,624855,98,,left,87,8.7,6.2,standard,standard_left,1.220608084,1.717470486,0.245154
DSC_0498.JPG,624835,99,,left,89,8.9,7.6,standard,standard_left,1.401426654,1.76914051,0.226339649
DSC_0501.JPG,624828,100,,left,81,8.1,6.1,standard,standard_left,1.475342933,1.538186255,0.248932743
DSC_0504.JPG,624891,101,,left,84,8.4,6.1,standard,standard_left,1.328634395,1.74832465,0.14731922
DSC_0510.JPG,624933,102,,left,81,8.1,5.6,standard,standard_left,1.354413184,1.587915019,0.213654658
DSC_0513.JPG,624932,103,,left,80,8,5.6,standard,standard_left,1.403747075,1.565469585,0.206698553
DSC_0516.JPG,624968,104,,left,75,7.5,4.2,standard,standard_left,1.267864529,1.493136724,0.192750737
DSC_0520.JPG,624853,105,,left,87,8.7,5.6,standard,standard_left,1.102484721,1.60308098,0.201078322
DSC_0523.JPG,624919,106,,left,83,8.3,6.4,standard,standard_left,1.442896128,1.686300783,0.246379928
DSC_0526.JPG,624913,107,,left,82,8.2,5.3,standard,standard_left,1.237348325,1.623845482,0.212542107
DSC_0529.JPG,624810,108,,left,73,7.3,4,enriched,enriched_left,1.305239338,1.568407388,0.194586986
DSC_0532.JPG,624979,109,,left,70,7,4.5,standard,standard_left,1.657029188,1.389561498,0.180113371
DSC_0535.JPG,624963,110,,left,76,7.6,4.5,standard,standard_left,1.307583308,1.539097929,0.217117384
DSC_0538.JPG,624778,111,,left,76,7.6,4.5,standard,standard_left,1.307583308,1.564914187,0.188684738
DSC_0541.JPG,624977,112,,left,94,9.4,8.7,enriched,enriched_left,1.370600968,1.979833056,0.244104085
DSC_0544.JPG,624809,113,,left,87,8.7,6.2,enriched,enriched_left,1.220608084,1.666634838,0.223771888
DSC_0547.JPG,624897,114,,left,84,8.4,6.3,enriched,enriched_left,1.372196179,1.650697496,0.286220156
DSC_0550.JPG,624817,115,,left,94,9.4,8.4,enriched,enriched_left,1.323338866,1.886643183,0.215610716
DSC_0553.JPG,624910,116,,left,92,9.2,8.8,enriched,enriched_left,1.47493788,1.842133187,0.267155
DSC_0556.JPG,624952,117,,left,88,8.8,7.9,enriched,enriched_left,1.504932411,1.805931808,0.277600037
DSC_0559.JPG,624927,118,,left,84,8.4,6,enriched,enriched_left,1.306853504,1.583335968,0.198208455
DSC_0562.JPG,624777,119,,left,87,8.7,7,enriched,enriched_left,1.378105901,1.86380165,0.260129536
DSC_0565.JPG,624962,120,,left,84,8.4,6.1,enriched,enriched_left,1.328634395,1.716219026,0.235557314
DSC_0568.JPG,624799,121,,left,94,9.4,8.8,enriched,enriched_left,1.386355002,1.712937883,0.250672723
DSC_0571.JPG,624955,122,,left,92,9.2,7.6,enriched,enriched_left,1.273809987,1.780048254,0.219920182
DSC_0574.JPG,624875,123,,left,102,10.2,10.4,enriched,enriched_left,1.294985318,1.887185031,0.234569736
DSC_0577.JPG,624804,124,,left,88,8.8,7.1,enriched,enriched_left,1.352534192,1.640453314,0.222088036
DSC_0581.JPG,624801,125,,left,87,8.7,6.9,enriched,enriched_left,1.358418674,1.533738915,0.244104085
DSC_0584.JPG,624991,126,,left,92,9.2,8.4,enriched,enriched_left,1.407895249,1.834052939,0.224234934
DSC_0587.JPG,624931,127,,left,87,8.7,6.1,enriched,enriched_left,1.200920857,1.7463912,0.248793813
DSC_0591.JPG,624950,128,,left,85,8.5,6.8,enriched,enriched_left,1.431470514,1.596647094,0.209475704
DSC_0594.JPG,624895,129,,left,87,8.7,6.5,enriched,enriched_left,1.279669766,1.752275352,0.196908386
DSC_0597.JPG,624829,130,,left,81,8.1,5.3,enriched,enriched_left,1.281855335,1.609418563,0.229460526
DSC_0601.JPG,624775,131,,left,77,7.7,3.7,enriched,enriched_left,1.035400655,1.562605282,0.24094739
DSC_0604.JPG,624939,132,,left,80,8,5.3,enriched,enriched_left,1.328546339,1.646464082,0.198507262
DSC_0607.JPG,624930,133,,left,84,8.4,6.5,enriched,enriched_left,1.415757962,1.643801019,0.267062543
DSC_0610.JPG,624822,134,,left,81,8.1,5.4,enriched,enriched_left,1.306041285,1.659605192,0.241541135
DSC_0613.JPG,624847,135,,left,82,8.2,6.2,enriched,enriched_left,1.447464078,1.653331527,0.233937187
DSC_0617.JPG,624878,136,,left,77,7.7,5.5,enriched,enriched_left,1.539109082,1.562150047,0.239363749
DSC_0620.JPG,624868,137,,left,77,7.7,5,enriched,enriched_left,1.399190075,1.619331432,0.247958599
DSC_0623.JPG,624869,138,,left,84,8.4,6.6,enriched,enriched_left,1.437538854,1.664217758,0.24055759
DSC_0627.JPG,624966,139,,left,84,8.4,6.1,enriched,enriched_left,1.328634395,1.644017347,0.238246863
DSC_0633.JPG,624916,140,,left,69,6.9,4.5,enriched,enriched_left,1.72713837,1.443513213,0.201176553
DSC_0636.JPG,624949,141,,left,75,7.5,4,enriched,enriched_left,1.207490028,1.467134759,0.24256142
DSC_0639.JPG,624896,142,,left,77,7.7,5,enriched,enriched_left,1.399190075,1.569065432,0.203932024
DSC_0642.JPG,624947,143,,left,69,6.9,4.2,enriched,enriched_left,1.611995812,1.406087715,0.198208455
DSC_0645.JPG,624772,144,,left,96,9.6,8,semi-natural,semi-natural_left,1.186175189,1.835436653,0.264385902
DSC_0648.JPG,624824,145,,left,94,9.4,7.6,semi-natural,semi-natural_left,1.197306593,1.738363154,0.327867781
DSC_0651.JPG,624821,146,,left,94,9.4,7.2,semi-natural,semi-natural_left,1.134290456,1.756104667,0.326690623
DSC_0654.JPG,624854,147,,left,84,8.4,5.3,semi-natural,semi-natural_left,1.154387262,1.496120823,0.257361614
DSC_0657.JPG,624862,148,,left,92,9.2,8.5,semi-natural,semi-natural_left,1.424655906,1.76430675,0.322521422
DSC_0660.JPG,624871,149,,left,90,9,6.7,semi-natural,semi-natural_left,1.196344826,1.687252449,0.307837557
DSC_0664.JPG,624787,150,,left,91,9.1,5.9,semi-natural,semi-natural_left,1.020499513,1.772300885,0.279938807
DSC_0667.JPG,624846,151,,left,76,7.6,4.1,semi-natural,semi-natural_left,1.191353681,1.480216196,0.226317825
DSC_0671.JPG,624909,152,,left,89,8.9,6.7,semi-natural,semi-natural_left,1.235468234,1.59701827,0.296393399
DSC_0674.JPG,624898,153,,left,82,8.2,5.1,semi-natural,semi-natural_left,1.190655935,1.500528241,0.262398151
DSC_0677.JPG,624915,154,,left,80,8,4,semi-natural,semi-natural_left,1.002676482,1.364402329,0.246079037
DSC_0680.JPG,624776,155,,left,84,8.4,5.2,semi-natural,semi-natural_left,1.13260637,1.623748145,0.31469263
DSC_0683.JPG,624814,156,,left,80,8,5.3,semi-natural,semi-natural_left,1.328546339,1.578702964,0.192571279
DSC_0686.JPG,624789,157,,left,82,8.2,5.4,semi-natural,semi-natural_left,1.26069452,1.525404466,0.235074549
DSC_0689.JPG,624879,158,,left,79,7.9,4.3,semi-natural,semi-natural_left,1.117641276,1.537296531,0.267284386
DSC_0692.JPG,624989,159,,left,81,8.1,5.4,semi-natural,semi-natural_left,1.306041285,1.485256234,0.273729859
DSC_0695.JPG,624842,160,,left,76,7.6,4.5,semi-natural,semi-natural_left,1.307583308,1.436571062,0.216502288
DSC_0698.JPG,624900,161,,left,78,7.8,4.7,semi-natural,semi-natural_left,1.267259052,1.540458015,0.242092623
DSC_0701.JPG,624929,162,,left,84,8.4,5.1,semi-natural,semi-natural_left,1.110825478,1.460467249,0.26899747
DSC_0705.JPG,624806,163,,left,81,8.1,5.1,semi-natural,semi-natural_left,1.233483436,1.464142185,0.261983709
DSC_0708.JPG,624838,164,,left,78,7.8,4.7,semi-natural,semi-natural_left,1.267259052,1.492130768,0.206626853
DSC_0711.JPG,624925,165,,left,77,7.7,4,semi-natural,semi-natural_left,1.11935206,1.467902138,0.226514159
DSC_0714.JPG,624959,166,,left,73,7.3,3.5,semi-natural,semi-natural_left,1.14208442,1.313375425,0.235074549
DSC_0717.JPG,624861,167,,left,78,7.8,4.5,semi-natural,semi-natural_left,1.213333135,1.496101014,0.238246863
DSC_0721.JPG,624886,168,,left,75,7.5,3.8,semi-natural,semi-natural_left,1.147115526,1.455212394,0.200561822
DSC_0724.JPG,624922,169,,left,73,7.3,4,semi-natural,semi-natural_left,1.305239338,1.459990317,0.208411948
DSC_0727.JPG,624918,170,,left,71,7.1,3.6,semi-natural,semi-natural_left,1.272560552,1.390005742,0.1999946
DSC_0730.JPG,624836,171,,left,79,7.9,4.5,semi-natural,semi-natural_left,1.169624592,1.563600645,0.249111253
DSC_0738.JPG,624813,172,,left,76,7.6,4.2,enriched,enriched_left,1.220411088,1.493837845,0.230727028
DSC_0743.JPG,624815,173,,left,91,9.1,8.4,enriched,enriched_left,1.452914561,1.762875611,0.242092623
DSC_0746.JPG,624808,174,,left,95,9.5,9.5,enriched,enriched_left,1.451709176,1.724524891,0.281574913
DSC_0749.JPG,624849,175,,left,100,10,10.8,enriched,enriched_left,1.423717278,1.798260247,0.242337325
DSC_0752.JPG,624921,176,,left,96,9.6,9.3,enriched,enriched_left,1.378928658,1.822907486,0.230727028
DSC_0755.JPG,624782,177,,left,89,8.9,7.2,enriched,enriched_left,1.327667356,1.736714414,0.279727
DSC_0758.JPG,624827,178,,left,96,9.6,9.4,enriched,enriched_left,1.393755847,1.890197691,0.265206631
DSC_0761.JPG,624943,179,,left,87,8.7,7.1,enriched,enriched_left,1.397793129,1.625368651,0.278186573
DSC_0764.JPG,624825,180,,left,91,9.1,7.3,enriched,enriched_left,1.26265194,1.730160837,0.232029194
DSC_0767.JPG,624917,181,,left,93,9.3,9.1,enriched,enriched_left,1.478463137,1.869015017,0.304238504
DSC_0770.JPG,624982,182,,left,96,9.6,9.3,enriched,enriched_left,1.378928658,1.791556869,0.277600037
DSC_0773.JPG,624993,183,,left,91,9.1,7.4,enriched,enriched_left,1.279948542,1.792405807,0.220727231
DSC_0776.JPG,624818,184,,left,87,8.7,7.3,enriched,enriched_left,1.437167583,1.721804708,0.217934813
DSC_0779.JPG,624877,185,,left,85,8.5,6.3,enriched,enriched_left,1.326215329,1.642379154,0.209475704
DSC_0782.JPG,624805,186,,left,87,8.7,7.2,enriched,enriched_left,1.417480356,1.740438911,0.233535687
DSC_0785.JPG,624874,187,,left,92,9.2,8.5,enriched,enriched_left,1.424655906,1.874287672,0.2172311
DSC_0788.JPG,624857,188,,left,82,8.2,5,enriched,enriched_left,1.167309741,1.609722361,0.214024223
DSC_0791.JPG,624996,189,,left,83,8.3,6.4,enriched,enriched_left,1.442896128,1.643175911,0.225880918
DSC_0798.JPG,624904,191,,left,74,7.4,4,enriched,enriched_left,1.255083553,1.427700615,0.225333592
DSC_0802.JPG,624999,192,,left,82,8.2,6.1,enriched,enriched_left,1.424117883,1.614367309,0.235074549
DSC_0805.JPG,624969,193,,left,79,7.9,5.2,enriched,enriched_left,1.351566195,1.706649,0.214554358
DSC_0808.JPG,624992,194,,left,72,7.2,3.4,enriched,enriched_left,1.154413315,1.343841098,0.19120706
DSC_0811.JPG,624957,195,,left,79,7.9,6.2,enriched,enriched_left,1.611482771,1.581182044,0.225815309
DSC_0814.JPG,624986,196,,left,77,7.7,4,semi-natural,semi-natural_left,1.11935206,1.531686159,0.194053208
DSC_0817.JPG,624938,197,,left,74,7.4,3.7,enriched,enriched_left,1.160952287,1.579165937,0.176120214
DSC_0820.JPG,624987,198,,left,75,7.5,4.4,enriched,enriched_left,1.328239031,1.482116967,0.17746125
DSC_0823.JPG,624905,199,,left,73,7.3,4.2,enriched,enriched_left,1.370501304,1.537967887,0.194154993
DSC_0826.JPG,624769,200,,left,82,8.2,5.9,enriched,enriched_left,1.377425494,1.698953585,0.240598652
DSC_0830.JPG,624864,201,,left,77,7.7,5.3,enriched,enriched_left,1.483141479,1.524471643,0.203932024
DSC_0833.JPG,624887,202,,left,80,8,5.2,enriched,enriched_left,1.303479427,1.625152879,0.209357776
DSC_0836.JPG,624946,203,,left,76,7.6,4.4,enriched,enriched_left,1.278525901,1.484244937,0.198432602
DSC_0839.JPG,624812,204,,left,77,7.7,4.1,enriched,enriched_left,1.147335861,1.543673819,0.187133914
DSC_0842.JPG,624998,205,,left,72,7.2,3.7,enriched,enriched_left,1.256273314,1.442578795,0.209239781
DSC_0845.JPG,624779,206,,left,91,9.1,7.6,standard,standard_left,1.314541745,1.808429871,0.34966493
DSC_0848.JPG,624961,207,,left,94,9.4,8.1,standard,standard_left,1.276076763,1.892754161,0.289770282
DSC_0851.JPG,624826,208,,left,84,8.4,6.7,standard,standard_left,1.459319746,1.669359115,0.194586986
DSC_0854.JPG,624958,209,,left,87,8.7,8.9,standard,standard_left,1.752163217,1.835474327,0.209357776
DSC_0857.JPG,624997,210,,left,89,8.9,7.2,standard,standard_left,1.327667356,1.625125526,0.211306861
DSC_0860.JPG,624823,211,,left,85,8.5,6.4,standard,standard_left,1.347266366,1.761947971,0.267616807
DSC_0863.JPG,624941,212,,left,95,9.5,8.5,standard,standard_left,1.298897684,1.958129359,0.265690415
DSC_0866.JPG,624888,213,,left,97,9.7,9.6,standard,standard_left,1.381556461,1.842980268,0.238246863
DSC_0869.JPG,624797,214,,left,98,9.8,10.1,standard,standard_left,1.41120555,1.898811657,0.247400222
DSC_0872.JPG,624974,215,,left,85,8.5,6.2,standard,standard_left,1.305164292,1.626146406,0.209734912
DSC_0878.JPG,624852,217,,left,89,8.9,7.6,standard,standard_left,1.401426654,1.555813572,0.216753093
DSC_0881.JPG,624807,218,,left,94,9.4,8.8,standard,standard_left,1.386355002,1.793232308,0.275384918
DSC_0884.JPG,624833,219,,left,92,9.2,8.1,standard,standard_left,1.357613276,1.785235067,0.287854877
DSC_0887.JPG,624893,220,,left,90,9,7.3,standard,standard_left,1.303480183,1.712565874,0.226339649
DSC_0890.JPG,624811,221,,left,89,8.9,6.8,standard,standard_left,1.253908059,1.73528329,0.248932743
DSC_0893.JPG,624873,222,,left,74,7.4,3.7,standard,standard_left,1.160952287,1.322586948,0.1880029
DSC_0899.JPG,624942,223,,left,86,8.6,6.5,standard,standard_left,1.322993825,1.74214083,0.270170057
DSC_0902.JPG,624793,224,,left,79,7.9,4.9,standard,standard_left,1.273591222,1.642827189,0.217866811
DSC_0905.JPG,624924,225,,left,87,8.7,7,standard,standard_left,1.378105901,1.766544952,0.272880466
DSC_0908.JPG,624960,226,,left,80,8,5.6,standard,standard_left,1.403747075,1.599614095,0.180113371
DSC_0911.JPG,624936,227,,left,91,9.1,7.3,standard,standard_left,1.26265194,1.765263928,0.236290063
DSC_0914.JPG,624816,228,,left,83,8.3,5.9,standard,standard_left,1.330169868,1.712219746,0.24256142
DSC_0917.JPG,624780,229,,left,80,8,4.7,standard,standard_left,1.178144867,1.66579,0.212076822
DSC_0920.JPG,624890,230,,left,84,8.4,5.9,standard,standard_left,1.285072612,1.647465744,0.222288106
DSC_0923.JPG,624820,231,,left,85,8.5,6.4,standard,standard_left,1.347266366,1.697362593,0.189885067
DSC_0926.JPG,624995,232,,left,82,8.2,5.2,standard,standard_left,1.21400213,1.61747587,0.197909197
DSC_0929.JPG,624881,233,,left,88,8.8,6.4,standard,standard_left,1.219185751,1.606183709,0.227775359
DSC_0932.JPG,624819,234,,left,86,8.6,6.3,standard,standard_left,1.282286322,1.739215337,0.211890421
DSC_0936.JPG,624907,235,,left,77,7.7,4.9,standard,standard_left,1.371206273,1.603564637,0.19264821
DSC_0939.JPG,624791,236,,left,82,8.2,5.7,standard,standard_left,1.330733104,1.547074507,0.2470406
DSC_0942.JPG,624965,237,,left,76,7.6,4,standard,standard_left,1.162296274,1.540858755,0.198208455
DSC_0946.JPG,624800,238,,left,79,7.9,4.4,standard,standard_left,1.143632934,1.436354439,0.227558409
DSC_0949.JPG,624928,239,,left,83,8.3,5.7,standard,standard_left,1.285079364,1.712389934,0.18860619
DSC_0952.JPG,624976,240,,left,71,7.1,3.5,standard,standard_left,1.237211648,1.491107571,0.216228349
DSC_0956.JPG,624981,241,,left,77,7.7,4,standard,standard_left,1.11935206,1.580932124,0.218319757
DSC_0959.JPG,624970,242,,left,76,7.6,4.4,enriched,enriched_left,1.278525901,1.537248337,0.181125175
DSC_0962.JPG,624994,243,,left,78,7.8,4.9,standard,standard_left,1.321184969,1.598424865,0.203228431
DSC_0965.JPG,624902,244,,left,80,8,6,standard,standard_left,1.504014724,1.538776979,0.229632665
DSC_0968.JPG,624792,245,,left,72,7.2,4.2,standard,standard_left,1.426039978,1.512423226,0.181370436
DSC_0972.JPG,624944,246,,left,72,7.2,3.8,standard,standard_left,1.290226646,1.501880503,0.212704716
DSC_0975.JPG,624859,247,,left,72,7.2,4.1,standard,standard_left,1.392086645,1.43519168,0.160262183
DSC_0978.JPG,624911,248,,left,71,7.1,3.9,standard,standard_left,1.378607265,1.366840074,0.217503775
DSC_0477_result.JPG,624859,249,,right,72,7.2,4.1,standard,standard_right,1.392086645,1.422378915,0.210709916
DSC_0481_result.JPG,624873,250,,right,74,7.4,3.7,standard,standard_right,1.160952287,1.466361965,0.279196325
DSC_0484_result.JPG,624909,251,,right,89,8.9,6.7,semi-natural,semi-natural_right,1.235468234,1.562087974,0.288650219
DSC_0487_result.JPG,624855,252,,right,87,8.7,6.2,standard,standard_right,1.220608084,1.678829647,0.335731582
DSC_0490_result.JPG,624879,253,,right,79,7.9,4.3,semi-natural,semi-natural_right,1.117641276,1.784859802,0.31851543
DSC_0493_result.JPG,624821,254,,right,94,9.4,7.2,semi-natural,semi-natural_right,1.134290456,1.671137592,0.317468116
DSC_0496_result.JPG,624842,255,,right,76,7.6,4.5,semi-natural,semi-natural_right,1.307583308,1.653904039,0.261470973
DSC_0499_result.JPG,624823,256,,right,85,8.5,6.4,standard,standard_right,1.347266366,1.719411588,0.296449078
DSC_0502_result.JPG,624818,257,,right,87,8.7,7.3,enriched,enriched_right,1.437167583,1.573460731,0.327912
DSC_0505_result.JPG,624881,258,,right,88,8.8,6.4,standard,standard_right,1.219185751,1.677875993,0.280634713
DSC_0511_result.JPG,624933,259,,right,81,8.1,5.6,standard,standard_right,1.354413184,1.611627197,0.32008774
DSC_0514_result.JPG,624932,260,,right,80,8,5.6,standard,standard_right,1.403747075,1.603984744,0.277786279
DSC_0518_result.JPG,624969,261,,right,79,7.9,5.2,enriched,enriched_right,1.351566195,1.455842909,0.26539571
DSC_0521_result.JPG,624838,262,,right,78,7.8,4.7,semi-natural,semi-natural_right,1.267259052,1.596215398,0.257872226
DSC_0524_result.JPG,624917,263,,right,93,9.3,9.1,enriched,enriched_right,1.478463137,1.693304846,0.232575163
DSC_0527_result.JPG,624911,264,,right,71,7.1,3.9,standard,standard_right,1.378607265,1.612487481,0.354400566
DSC_0530_result.JPG,624792,265,,right,72,7.2,4.2,standard,standard_right,1.426039978,1.530377986,0.210496698
DSC_0533_result.JPG,624979,266,,right,70,7,4.5,standard,standard_right,1.657029188,1.44759446,0.244271031
DSC_0536_result.JPG,624965,267,,right,76,7.6,4,standard,standard_right,1.162296274,1.483388489,0.314558172
DSC_0539_result.JPG,624756,268,,right,102,10.2,9.7,semi-natural,semi-natural_right,1.207822845,1.464004143,0.301717554
DSC_0542_result.JPG,624977,269,,right,94,9.4,8.7,enriched,enriched_right,1.370600968,1.898954292,0.440755117
DSC_0545_result.JPG,624791,270,,right,82,8.2,5.7,standard,standard_right,1.330733104,1.586685967,0.318874162
DSC_0548_result.JPG,624890,271,,right,84,8.4,5.9,standard,standard_right,1.285072612,1.633302694,0.256771152
DSC_0551_result.JPG,624804,272,,right,88,8.8,7.1,enriched,enriched_right,1.352534192,1.801069663,0.341049095
DSC_0554_result.JPG,624905,273,,right,73,7.3,4.2,enriched,enriched_right,1.370501304,1.762628525,0.282382793
DSC_0557_result.JPG,624952,274,,right,88,8.8,7.9,enriched,enriched_right,1.504932411,1.673589709,0.313656155
DSC_0560_result.JPG,624927,275,,right,84,8.4,6,enriched,enriched_right,1.306853504,1.679472021,0.266050431
DSC_0563_result.JPG,624755,276,,right,100,10,9.5,semi-natural,semi-natural_right,1.252343902,1.712285123,0.320180901
DSC_0566_result.JPG,624962,277,,right,84,8.4,6.1,enriched,enriched_right,1.328634395,1.624263291,0.19853888
DSC_0569_result.JPG,624776,278,,right,84,8.4,5.2,semi-natural,semi-natural_right,1.13260637,1.811535015,0.272346934
DSC_0572_result.JPG,624955,279,,right,92,9.2,7.6,enriched,enriched_right,1.273809987,1.709417495,0.28111254
DSC_0575_result.JPG,624868,280,,right,77,7.7,5,enriched,enriched_right,1.399190075,1.85465024,0.342909588
DSC_0578_result.JPG,624780,281,,right,80,8,4.7,standard,standard_right,1.178144867,1.563792644,0.233620066
DSC_0582_result.JPG,624778,282,,right,76,7.6,4.5,standard,standard_right,1.307583308,1.628856401,0.248207396
DSC_0585_result.JPG,624991,283,,right,92,9.2,8.4,enriched,enriched_right,1.407895249,1.740458856,0.269410889
DSC_0588_result.JPG,624931,284,,right,87,8.7,6.1,enriched,enriched_right,1.200920857,1.650754347,0.23611739
DSC_0592_result.JPG,624950,285,,right,85,8.5,6.8,enriched,enriched_right,1.431470514,1.513912876,0.261299822
DSC_0595_result.JPG,624888,286,,right,97,9.7,9.6,standard,standard_right,1.381556461,1.695979913,0.214125613
DSC_0598_result.JPG,624819,287,,right,86,8.6,6.3,standard,standard_right,1.282286322,1.532682348,0.214404
DSC_0602_result.JPG,624752,288,,right,82,8.2,4.7,semi-natural,semi-natural_right,1.097271156,1.547493556,0.217808181
DSC_0605_result.JPG,624939,289,,right,80,8,5.3,enriched,enriched_right,1.328546339,1.592714473,0.252594463
DSC_0608_result.JPG,624930,290,,right,84,8.4,6.5,enriched,enriched_right,1.415757962,1.67216346,0.30822087
DSC_0611_result.JPG,624810,291,,right,73,7.3,4,enriched,enriched_right,1.305239338,1.655328003,0.208694305
DSC_0615_result.JPG,624833,292,,right,92,9.2,8.1,standard,standard_right,1.357613276,1.617418317,0.27848327
DSC_0618_result.JPG,624870,293,,right,74,7.4,3.5,semi-natural,semi-natural_right,1.098198109,1.548383052,0.214334437
DSC_0624_result.JPG,624857,295,,right,82,8.2,5,enriched,enriched_right,1.167309741,1.68481463,0.208408291
DSC_0628_result.JPG,624967,296,,right,78,7.8,3.9,semi-natural,semi-natural_right,1.051555384,1.634972637,0.263365166
DSC_0634_result.JPG,624913,297,,right,82,8.2,5.3,standard,standard_right,1.237348325,1.461866952,0.227016
DSC_0637_result.JPG,624949,298,,right,75,7.5,4,enriched,enriched_right,1.207490028,1.425926603,0.221384612
DSC_0640_result.JPG,624889,299,,right,96,9.6,9,standard,standard_right,1.334447088,1.532325561,0.229476891
DSC_0643_result.JPG,624947,300,,right,69,6.9,4.2,enriched,enriched_right,1.611995812,1.409394527,0.201644149
DSC_0646_result.JPG,624751,301,,right,85,8.5,5.7,semi-natural,semi-natural_right,1.199909107,1.843912033,0.290504081
DSC_0649_result.JPG,624813,302,,right,76,7.6,4.2,enriched,enriched_right,1.220411088,1.723976095,0.369963943
DSC_0652_result.JPG,624809,303,,right,87,8.7,6.2,enriched,enriched_right,1.220608084,1.653834912,0.272200884
DSC_0655_result.JPG,624840,304,,right,74,7.4,3.6,semi-natural,semi-natural_right,1.129575198,1.501900696,0.217191127
DSC_0658_result.JPG,624852,305,,right,89,8.9,7.6,standard,standard_right,1.401426654,1.720882444,0.278358297
DSC_0661_result.JPG,624861,306,,right,78,7.8,4.5,semi-natural,semi-natural_right,1.213333135,1.677473045,0.272054756
DSC_0665_result.JPG,624764,307,,right,84,8.4,5.4,semi-natural,semi-natural_right,1.176168153,1.804775107,0.266367858
DSC_0668_result.JPG,624832,308,,right,94,9.4,9.1,standard,standard_right,1.433617105,1.447378116,0.189206273
DSC_0672_result.JPG,624902,309,,right,80,8,6,standard,standard_right,1.504014724,1.55243231,0.261242747
DSC_0675_result.JPG,624891,310,,right,84,8.4,6.1,standard,standard_right,1.328634395,1.608079458,0.199737013
DSC_0678_result.JPG,624912,311,,right,80,8,5.1,standard,standard_right,1.278412515,1.498285562,0.221519288
DSC_0681_result.JPG,624754,312,,right,83,8.3,5.2,semi-natural,semi-natural_right,1.172353104,1.612256267,0.21183843
DSC_0684_result.JPG,624800,313,,right,79,7.9,4.4,standard,standard_right,1.143632934,1.570510534,0.192436349
DSC_0687_result.JPG,624766,314,,right,81,8.1,5.8,semi-natural,semi-natural_right,1.402785084,1.542139359,0.208765747
DSC_0690_result.JPG,624871,315,,right,90,9,6.7,semi-natural,semi-natural_right,1.196344826,1.597961428,0.195002281
DSC_0693_result.JPG,624989,316,,right,81,8.1,5.4,semi-natural,semi-natural_right,1.306041285,1.494535304,0.21407918
DSC_0696_result.JPG,624828,317,,right,81,8.1,6.1,standard,standard_right,1.475342933,1.539006398,0.15452917
DSC_0699_result.JPG,624893,318,,right,90,9,7.3,standard,standard_right,1.303480183,1.515809464,0.207260291
DSC_0702_result.JPG,624929,319,,right,84,8.4,5.1,semi-natural,semi-natural_right,1.110825478,1.512142115,0.251944233
DSC_0706_result.JPG,624786,320,,right,79,7.9,5,semi-natural,semi-natural_right,1.29958288,1.504651772,0.295374009
DSC_0709_result.JPG,624826,321,,right,84,8.4,6.7,standard,standard_right,1.459319746,1.452876262,0.214334437
DSC_0712_result.JPG,624924,322,,right,87,8.7,7,standard,standard_right,1.378105901,1.504539447,0.187411307
DSC_0715_result.JPG,624959,323,,right,73,7.3,3.5,semi-natural,semi-natural_right,1.14208442,1.300565682,0.20377749
DSC_0719_result.JPG,624849,324,,right,100,10,10.8,enriched,enriched_right,1.423717278,1.412375079,0.213381473
DSC_0722_result.JPG,624875,325,,right,102,10.2,10.4,enriched,enriched_right,1.294985318,1.428990943,0.227037895
DSC_0725_result.JPG,624919,326,,right,83,8.3,6.4,standard,standard_right,1.442896128,1.457252338,0.213381473
DSC_0728_result.JPG,624916,327,,right,69,6.9,4.5,enriched,enriched_right,1.72713837,1.378189248,0.202406884
DSC_0731_result.JPG,624824,328,,right,94,9.4,7.6,semi-natural,semi-natural_right,1.197306593,1.601953631,0.221788394
DSC_0739_result.JPG,624799,329,,right,94,9.4,8.8,enriched,enriched_right,1.386355002,1.463022578,0.171541746
DSC_0744_result.JPG,624801,330,,right,87,8.7,6.9,enriched,enriched_right,1.358418674,1.658840615,0.218673678
DSC_0747_result.JPG,624789,331,,right,82,8.2,5.4,semi-natural,semi-natural_right,1.26069452,1.722934917,0.314494957
DSC_0750_result.JPG,624835,332,,right,89,8.9,7.6,standard,standard_right,1.401426654,1.830370136,0.249326353
DSC_0753_result.JPG,624918,333,,right,71,7.1,3.6,semi-natural,semi-natural_right,1.272560552,1.737829374,0.27764309
DSC_0756_result.JPG,624761,334,,right,89,8.9,7,semi-natural,semi-natural_right,1.290787708,1.715582619,0.267540922
DSC_0759_result.JPG,624816,335,,right,83,8.3,5.9,standard,standard_right,1.330169868,1.8130737,0.28111254
DSC_0762_result.JPG,624943,336,,right,87,8.7,7.1,enriched,enriched_right,1.397793129,1.58688645,0.266050431
DSC_0765_result.JPG,624814,337,,right,80,8,5.3,semi-natural,semi-natural_right,1.328546339,1.643484426,0.20282394
DSC_0768_result.JPG,624915,338,,right,80,8,4,semi-natural,semi-natural_right,1.002676482,1.785224591,0.256635607
DSC_0771_result.JPG,624982,339,,right,96,9.6,9.3,enriched,enriched_right,1.378928658,1.799587007,0.262817255
DSC_0774_result.JPG,624993,340,,right,91,9.1,7.4,enriched,enriched_right,1.279948542,1.621123466,0.243945228
DSC_0777_result.JPG,624806,341,,right,81,8.1,5.1,semi-natural,semi-natural_right,1.233483436,1.614708528,0.242124945
DSC_0780_result.JPG,624869,342,,right,84,8.4,6.6,enriched,enriched_right,1.437538854,1.601168405,0.238171534
DSC_0783_result.JPG,624782,343,,right,89,8.9,7.2,enriched,enriched_right,1.327667356,1.696809148,0.26904163
DSC_0786_result.JPG,624864,344,,right,77,7.7,5.3,enriched,enriched_right,1.483141479,1.871259679,0.273730524
DSC_0789_result.JPG,624846,345,,right,76,7.6,4.1,semi-natural,semi-natural_right,1.191353681,1.548752188,0.201792
DSC_0792_result.JPG,624996,346,,right,83,8.3,6.4,enriched,enriched_right,1.442896128,1.567459652,0.216709982
DSC_0796_result.JPG,624829,347,,right,81,8.1,5.3,enriched,enriched_right,1.281855335,1.813043542,0.262306103
DSC_0799_result.JPG,624896,348,,right,77,7.7,5,enriched,enriched_right,1.399190075,1.470799306,0.16588496
DSC_0803_result.JPG,624999,349,,right,82,8.2,6.1,enriched,enriched_right,1.424117883,1.503240491,0.243190136
DSC_0806_result.JPG,624970,350,,right,76,7.6,4.4,enriched,enriched_right,1.278525901,1.613473621,0.201446845
DSC_0809_result.JPG,624992,351,,right,72,7.2,3.4,enriched,enriched_right,1.154413315,1.362679764,0.204459348
DSC_0812_result.JPG,624957,352,,right,79,7.9,6.2,enriched,enriched_right,1.611482771,1.592792494,0.225654375
DSC_0815_result.JPG,624986,353,,right,77,7.7,4,semi-natural,semi-natural_right,1.11935206,1.456853195,0.267243489
DSC_0818_result.JPG,624938,354,,right,74,7.4,3.7,enriched,enriched_right,1.160952287,1.516199643,0.218900871
DSC_0821_result.JPG,624987,355,,right,75,7.5,4.4,enriched,enriched_right,1.328239031,1.410533235,0.178472055
DSC_0824_result.JPG,624897,356,,right,84,8.4,6.3,enriched,enriched_right,1.372196179,1.420828005,0.220123664
DSC_0828_result.JPG,624750,357,,right,86,8.6,6.5,semi-natural,semi-natural_right,1.322993825,1.652514943,0.201224648
DSC_0831_result.JPG,624854,358,,right,84,8.4,5.3,semi-natural,semi-natural_right,1.154387262,1.565673257,0.211462663
DSC_0834_result.JPG,624877,359,,right,85,8.5,6.3,enriched,enriched_right,1.326215329,1.583120013,0.2066839
DSC_0837_result.JPG,624946,360,,right,76,7.6,4.4,enriched,enriched_right,1.278525901,1.462699775,0.186454035
DSC_0840_result.JPG,624797,361,,right,98,9.8,10.1,standard,standard_right,1.41120555,1.453861258,0.191944945
DSC_0843_result.JPG,624998,362,,right,72,7.2,3.7,enriched,enriched_right,1.256273314,1.381697701,0.155555101
DSC_0846_result.JPG,624758,363,,right,81,8.1,5.1,semi-natural,semi-natural_right,1.233483436,1.690010941,0.247344761
DSC_0849_result.JPG,624961,364,,right,94,9.4,8.1,standard,standard_right,1.276076763,1.708786378,0.308816995
DSC_0852_result.JPG,624815,365,,right,91,9.1,8.4,enriched,enriched_right,1.452914561,1.723976095,0.268671864
DSC_0855_result.JPG,624958,366,,right,87,8.7,8.9,standard,standard_right,1.752163217,1.73987614,0.224837863
DSC_0858_result.JPG,624997,367,,right,89,8.9,7.2,standard,standard_right,1.327667356,1.609392631,0.2356327
DSC_0861_result.JPG,624812,368,,right,77,7.7,4.1,enriched,enriched_right,1.147335861,1.666255347,0.194670622
DSC_0864_result.JPG,624941,369,,right,95,9.5,8.5,standard,standard_right,1.298897684,1.90645722,0.294514505
DSC_0867_result.JPG,624878,370,,right,77,7.7,5.5,enriched,enriched_right,1.539109082,1.841700201,0.293567836
DSC_0870_result.JPG,624775,371,,right,77,7.7,3.7,enriched,enriched_right,1.035400655,1.822532188,0.248507611
DSC_0873_result.JPG,624974,372,,right,85,8.5,6.2,standard,standard_right,1.305164292,1.51792965,0.235548304
DSC_0879_result.JPG,624836,374,,right,79,7.9,4.5,semi-natural,semi-natural_right,1.169624592,1.626547715,0.260957184
DSC_0882_result.JPG,624787,375,,right,91,9.1,5.9,semi-natural,semi-natural_right,1.020499513,1.854060518,0.222794648
DSC_0885_result.JPG,624822,376,,right,81,8.1,5.4,enriched,enriched_right,1.306041285,1.800387848,0.206900235
DSC_0888_result.JPG,624887,377,,right,80,8,5.2,enriched,enriched_right,1.303479427,1.773601036,0.261604013
DSC_0891_result.JPG,624793,378,,right,79,7.9,4.9,standard,standard_right,1.273591222,1.732937104,0.196854292
DSC_0894_result.JPG,624862,379,,right,92,9.2,8.5,semi-natural,semi-natural_right,1.424655906,1.301696489,0.123893242
DSC_0900_result.JPG,624942,380,,right,86,8.6,6.5,standard,standard_right,1.322993825,1.741883404,0.211415645
DSC_0903_result.JPG,624772,381,,right,96,9.6,8,semi-natural,semi-natural_right,1.186175189,1.579703347,0.200432617
DSC_0906_result.JPG,624922,382,,right,73,7.3,4,semi-natural,semi-natural_right,1.305239338,1.707313836,0.189704772
DSC_0909_result.JPG,624960,383,,right,80,8,5.6,standard,standard_right,1.403747075,1.570728906,0.205912868
DSC_0912_result.JPG,624936,384,,right,91,9.1,7.3,standard,standard_right,1.26265194,1.794126265,0.21197917
DSC_0915_result.JPG,624803,385,,right,81,8.1,4.8,semi-natural,semi-natural_right,1.160925586,1.688836984,0.262836168
DSC_0918_result.JPG,624759,386,,right,97,9.7,7.9,semi-natural,semi-natural_right,1.136905838,1.638155707,0.22834774
DSC_0921_result.JPG,624880,387,,right,74,7.4,3.6,semi-natural,semi-natural_right,1.129575198,1.557907478,0.258103432
DSC_0924_result.JPG,624808,388,,right,95,9.5,9.5,enriched,enriched_right,1.451709176,1.671482592,0.167584249
DSC_0927_result.JPG,624995,389,,right,82,8.2,5.2,standard,standard_right,1.21400213,1.596663759,0.221002585
DSC_0930_result.JPG,624874,390,,right,92,9.2,8.5,enriched,enriched_right,1.424655906,1.565479582,0.192746065
DSC_0933_result.JPG,624807,391,,right,94,9.4,8.8,standard,standard_right,1.386355002,1.670295612,0.21197917
DSC_0937_result.JPG,624898,392,,right,82,8.2,5.1,semi-natural,semi-natural_right,1.190655935,1.510658863,0.223329463
DSC_0940_result.JPG,624767,393,,right,86,8.6,5.7,semi-natural,semi-natural_right,1.160163816,1.540426861,0.244006349
DSC_0944_result.JPG,624966,394,,right,84,8.4,6.1,enriched,enriched_right,1.328634395,1.503981,0.230363281
DSC_0947_result.JPG,624777,395,,right,87,8.7,7,enriched,enriched_right,1.378105901,1.291275726,0.195002281
DSC_0950_result.JPG,624928,396,,right,83,8.3,5.7,standard,standard_right,1.285079364,1.690019765,0.273803151
DSC_0953_result.JPG,624976,397,,right,71,7.1,3.5,standard,standard_right,1.237211648,1.469636266,0.187543875
DSC_0957_result.JPG,624981,398,,right,77,7.7,4,standard,standard_right,1.11935206,1.476752242,0.269853332
DSC_0960_result.JPG,624781,399,,right,77,7.7,4.7,semi-natural,semi-natural_right,1.31523867,1.539248615,0.161911999
DSC_0963_result.JPG,624994,400,,right,78,7.8,4.9,standard,standard_right,1.321184969,1.589362218,0.192436349
DSC_0966_result.JPG,624895,401,,right,87,8.7,6.5,enriched,enriched_right,1.279669766,1.486110284,0.232767436
DSC_0970_result.JPG,624768,402,,right,84,8.4,5.4,semi-natural,semi-natural_right,1.176168153,1.400443204,0.163956
DSC_0973_result.JPG,624944,403,,right,72,7.2,3.8,standard,standard_right,1.290226646,1.435501724,0.208217398
DSC_0976_result.JPG,624847,404,,right,82,8.2,6.2,enriched,enriched_right,1.447464078,1.318911621,0.148726713
DSC_0979_result.JPG,624907,405,,right,77,7.7,4.9,standard,standard_right,1.371206273,1.48826944,0.173443661
DSC_0098_result.JPG,510895,406,,right,87,8.7,7.3,semi-wild,semi-wild_right,1.437167583,1.925295744,0.262817255
DSC_0101_result.JPG,510852,407,,right,82,8.2,5.2,semi-wild,semi-wild_right,1.21400213,1.781757482,0.224948376
DSC_0104_result.JPG,510896,408,,right,77,7.7,4.7,semi-wild,semi-wild_right,1.31523867,1.703052023,0.222950768
DSC_0110_result.JPG,510305,409,,right,75,7.5,4,semi-wild,semi-wild_right,1.207490028,1.630219919,0.225720449
DSC_0114_result.JPG,510897,410,,right,71,7.1,4,semi-wild,semi-wild_right,1.413956169,1.618361525,0.248747522
DSC_0118_result.JPG,510337,411,,right,89,8.9,7.5,semi-wild,semi-wild_right,1.38298683,1.921882176,0.274673175
DSC_0122_result.JPG,510875,412,,right,83,8.3,6.1,semi-wild,semi-wild_right,1.375260372,1.821140702,0.26243872
DSC_0126_result.JPG,510382,413,,right,81,8.1,5.7,semi-wild,semi-wild_right,1.378599134,1.803342356,0.213148397
DSC_0130_result.JPG,510862,414,,right,84,8.4,5.4,semi-wild,semi-wild_right,1.176168153,1.903686254,0.245306642
DSC_0134_result.JPG,510846,415,,right,74,7.4,4.9,semi-wild,semi-wild_right,1.537477352,1.642821929,0.239814618
DSC_0138_result.JPG,510863,416,,right,83,8.3,5.7,semi-wild,semi-wild_right,1.285079364,1.719194754,0.262457659
DSC_0142_result.JPG,510855,417,,right,77,7.7,4.6,semi-wild,semi-wild_right,1.287254869,1.666049496,0.25804565
DSC_0146_result.JPG,510831,418,,right,82,8.2,4.7,semi-wild,semi-wild_right,1.097271156,1.737260082,0.224948376
DSC_0151_result.JPG,510824,419,,right,73,7.3,4.1,semi-wild,semi-wild_right,1.337870321,1.695329134,0.213148397
DSC_0156_result.JPG,510394,420,,right,72,7.2,4.2,semi-wild,semi-wild_right,1.426039978,1.649389722,0.215167706
DSC_0161_result.JPG,510325,421,,right,73,7.3,3.8,semi-wild,semi-wild_right,1.239977371,1.632907011,0.231975962
DSC_0165_result.JPG,510344,422,,right,75,7.5,5,semi-wild,semi-wild_right,1.509362535,1.742125946,0.280776376
DSC_0172_result.JPG,510849,423,,right,73,7.3,4.7,semi-wild,semi-wild_right,1.533656222,1.627989501,0.196323312
DSC_0176_result.JPG,510331,424,,right,82,8.2,4.1,semi-wild,semi-wild_right,0.957193987,1.800404414,0.230923619
DSC_0180_result.JPG,510375,425,,right,99,9.9,9.2,semi-wild,semi-wild_right,1.24841353,2.128861144,0.329680792
DSC_0185_result.JPG,510312,426,,right,84,8.4,5.6,semi-wild,semi-wild_right,1.219729937,1.819546008,0.249266537
DSC_0189_result.JPG,510379,427,,right,83,8.3,5.6,semi-wild,semi-wild_right,1.262534112,1.894008438,0.268745858
DSC_0193_result.JPG,510384,428,,right,86,8.6,5.7,semi-wild,semi-wild_right,1.160163816,1.909846304,0.27721308
DSC_0197_result.JPG,510353,429,,right,81,8.1,5.7,semi-wild,semi-wild_right,1.378599134,1.837019627,0.299949582
DSC_0201_result.JPG,510319,430,,right,89,8.9,6.2,semi-wild,semi-wild_right,1.143269112,1.811636537,0.28341945
DSC_0205_result.JPG,510893,431,,right,81,8.1,5.6,semi-wild,semi-wild_right,1.354413184,1.809338549,0.274600778
DSC_0209_result.JPG,510396,432,,right,80,8,4.9,semi-wild,semi-wild_right,1.228278691,1.758548828,0.25547084
DSC_0213_result.JPG,510869,433,,right,79,7.9,5.1,semi-wild,semi-wild_right,1.325574537,1.76651591,0.206395101
DSC_0221_result.JPG,510367,434,,right,80,8,4.3,semi-wild,semi-wild_right,1.077877219,1.787153109,0.249326353
DSC_0225_result.JPG,510349,435,,right,83,8.3,5.2,semi-wild,semi-wild_right,1.172353104,1.749073998,0.234681499
DSC_0229_result.JPG,510840,436,,right,82,8.2,5.6,semi-wild,semi-wild_right,1.307386909,1.775195003,0.249903844
DSC_0233_result.JPG,510317,437,,right,90,9,7,semi-wild,semi-wild_right,1.249912504,1.974437703,0.303900789
DSC_0237_result.JPG,510877,438,,right,79,7.9,4.4,semi-wild,semi-wild_right,1.143632934,1.776905034,0.238338438
DSC_0241_result.JPG,510397,439,,right,73,7.3,4.2,semi-wild,semi-wild_right,1.370501304,1.674548772,0.216296719
DSC_0245_result.JPG,510882,440,,right,81,8.1,5.7,semi-wild,semi-wild_right,1.378599134,1.795253522,0.213381473
DSC_0249_result.JPG,510345,441,,right,84,8.4,5,semi-wild,semi-wild_right,1.089044586,1.837625638,0.265020857
DSC_0253_result.JPG,510316,442,,right,76,7.6,4.3,semi-wild,semi-wild_right,1.249468494,1.726085365,0.186667187
DSC_0257_result.JPG,510839,443,,right,70,7,3.6,semi-wild,semi-wild_right,1.325623351,1.6490401,0.261470973
DSC_0261_result.JPG,510385,444,,right,80,8,4.9,semi-wild,semi-wild_right,1.228278691,1.749630923,0.304782752
DSC_0265_result.JPG,510376,445,,right,77,7.7,4.8,semi-wild,semi-wild_right,1.343222472,1.695393637,0.285115593
DSC_0272_result.JPG,510871,446,,right,77,7.7,3.7,semi-wild,semi-wild_right,1.035400655,1.668798041,0.197911979
DSC_0276_result.JPG,510354,447,,right,79,7.9,5.3,semi-wild,semi-wild_right,1.377557852,1.827875439,0.264024923
DSC_0280_result.JPG,510301,448,,right,72,7.2,4.2,semi-wild,semi-wild_right,1.426039978,1.745486675,0.284434854
DSC_0284_result.JPG,510381,449,,right,73,7.3,3.8,semi-wild,semi-wild_right,1.239977371,1.777173563,0.261071446
DSC_0288_result.JPG,510339,450,,right,77,7.7,4.3,semi-wild,semi-wild_right,1.203303464,1.77477774,0.244087821
DSC_0292_result.JPG,510834,451,,right,67,6.7,3.8,semi-wild,semi-wild_right,1.587406539,1.596302589,0.227037895
DSC_0296_result.JPG,510850,452,,right,86,8.6,5.8,semi-wild,semi-wild_right,1.180517567,1.917895026,0.255412462
DSC_0300_result.JPG,510830,453,,right,72,7.2,3.7,semi-wild,semi-wild_right,1.256273314,1.539752305,0.229281859
DSC_0304_result.JPG,510843,454,,right,77,7.7,5,semi-wild,semi-wild_right,1.399190075,1.710928901,0.235379422
DSC_0308_result.JPG,510313,455,,right,74,7.4,4.2,semi-wild,semi-wild_right,1.317837731,1.640472297,0.203801881
DSC_0312_result.JPG,510355,456,,right,86,8.6,6.1,semi-wild,semi-wild_right,1.24157882,1.811990448,0.323655104
DSC_0319_result.JPG,510829,457,,right,77,7.7,5.1,semi-wild,semi-wild_right,1.427173876,1.716066415,0.244880745
DSC_0327_result.JPG,510362,459,,right,83,8.3,5.2,semi-wild,semi-wild_right,1.172353104,1.850625678,0.298004373
DSC_0331_result.JPG,510308,460,,right,67,6.7,3.6,semi-wild,semi-wild_right,1.503858826,1.534899054,0.238817636
DSC_0335_result.JPG,510363,461,,right,80,8,5.2,semi-wild,semi-wild_right,1.303479427,1.842776778,0.243414867
DSC_0339_result.JPG,510320,462,,right,73,7.3,4.2,semi-wild,semi-wild_right,1.370501304,1.698881927,0.194670622
DSC_0346_result.JPG,510311,463,,right,76,7.6,4.2,semi-wild,semi-wild_right,1.220411088,1.73543652,0.231525544
DSC_0350_result.JPG,510361,464,,right,80,8,5.8,semi-wild,semi-wild_right,1.4538809,1.822908525,0.300198056
DSC_0354_result.JPG,510387,465,,right,69,6.9,3.5,semi-wild,semi-wild_right,1.343329843,1.61985049,0.205912868
DSC_0363_result.JPG,510807,466,,right,78,7.8,4.4,semi-wild,semi-wild_right,1.186370177,1.696771065,0.217374141
DSC_0374_result.JPG,510883,467,,right,86,8.6,5.7,semi-wild,semi-wild_right,1.160163816,1.891739567,0.319574865
DSC_0382_result.JPG,510369,468,,right,86,8.6,5.3,semi-wild,semi-wild_right,1.078748811,1.784667632,0.283927606
DSC_0386_result.JPG,624769,469,,right,82,8.2,5.9,enriched,enriched_right,1.377425494,1.68024432,0.237398078
DSC_0391_result.JPG,624865,470,,right,87,8.7,6.6,standard,standard_right,1.299356993,1.514178804,0.293838624
DSC_0395_result.JPG,624825,471,,right,91,9.1,7.3,enriched,enriched_right,1.26265194,1.8981479,0.39160717
DSC_0399_result.JPG,624817,472,,right,94,9.4,8.4,enriched,enriched_right,1.323338866,1.601183927,0.331665028
DSC_0403_result.JPG,624853,473,,right,87,8.7,5.6,standard,standard_right,1.102484721,1.504380856,0.253909506
DSC_0406_result.JPG,624908,474,,right,77,7.7,4.8,semi-natural,semi-natural_right,1.343222472,1.731344427,0.28377
DSC_0409_result.JPG,624831,475,,right,78,7.8,4.3,semi-natural,semi-natural_right,1.159407218,1.842226426,0.330463883
DSC_0413_result.JPG,624910,476,,right,92,9.2,8.8,enriched,enriched_right,1.47493788,1.624101088,0.228434796
DSC_0416_result.JPG,624925,477,,right,77,7.7,4,semi-natural,semi-natural_right,1.11935206,1.627794079,0.21183843
DSC_0419_result.JPG,624805,478,,right,87,8.7,7.2,enriched,enriched_right,1.417480356,1.769465173,0.292278168
DSC_0422_result.JPG,624921,479,,right,96,9.6,9.3,enriched,enriched_right,1.378928658,1.516989531,0.222638418
DSC_0426_result.JPG,624811,480,,right,89,8.9,6.8,standard,standard_right,1.253908059,1.558299876,0.289149182
DSC_0429_result.JPG,624963,481,,right,76,7.6,4.5,standard,standard_right,1.307583308,1.66213648,0.277839956
DSC_0432_result.JPG,624892,482,,right,72,7.2,3.4,semi-natural,semi-natural_right,1.154413315,1.496436521,0.256945319
DSC_0435_result.JPG,624904,483,,right,74,7.4,4,enriched,enriched_right,1.255083553,1.683749235,0.280191554
DSC_0438_result.JPG,624762,484,,right,88,8.8,5.9,semi-natural,semi-natural_right,1.123936864,1.658777688,0.276333064
DSC_0441_result.JPG,624968,485,,right,75,7.5,4.2,standard,standard_right,1.267864529,1.558504012,0.260003041
DSC_0444_result.JPG,624886,486,,right,75,7.5,3.8,semi-natural,semi-natural_right,1.147115526,1.440427612,0.241384751
DSC_0447_result.JPG,624779,487,,right,91,9.1,7.6,standard,standard_right,1.314541745,1.495526099,0.234278721
DSC_0450_result.JPG,624827,488,,right,96,9.6,9.4,enriched,enriched_right,1.393755847,1.385749777,0.224483857
DSC_0453_result.JPG,624980,489,,right,77,7.7,3.8,semi-natural,semi-natural_right,1.063384457,1.519739458,0.252496051
DSC_0456_result.JPG,624900,490,,right,78,7.8,4.7,semi-natural,semi-natural_right,1.267259052,1.588414308,0.264137859
DSC_0459_result.JPG,624988,491,,right,77,7.7,3.7,semi-natural,semi-natural_right,1.035400655,1.321829208,0.175664833
DSC_0462_result.JPG,624760,492,,right,80,8,4.8,semi-natural,semi-natural_right,1.203211779,1.385588352,0.228695765
DSC_0465_result.JPG,624820,493,,right,85,8.5,6.4,standard,standard_right,1.347266366,1.491932167,0.244880745
DSC_0468_result.JPG,624984,494,,right,81,8.1,4.7,semi-natural,semi-natural_right,1.136739637,1.530715743,0.192333
DSC_0471_result.JPG,624948,495,,right,69,6.9,3.5,semi-natural,semi-natural_right,1.343329843,1.384256775,0.195002281
DSC_0474_result.JPG,624926,496,,right,72,7.2,3.8,semi-natural,semi-natural_right,1.290226646,1.43620794,0.157586927
